[2025-08-09 08:09:51.544] 2025 Aug  6 07:41:36 prplOS ssh_server: [USER][SYSTEM] - [!][Authentication][SSH][SUCCESS] User='root'
[2025-08-09 08:09:51.545] 2025 Aug  6 07:41:36 prplOS TEST: WebUI testing framework initialized
[2025-08-09 08:09:51.546] 2025 Aug  6 07:41:37 prplOS ssh_server: [USER][SYSTEM] - [!][Authentication][SSH][SUCCESS] User='root'
[2025-08-09 08:09:51.547] 2025 Aug  6 07:41:38 prplOS ssh_server: [USER][SYSTEM] - [!][Authentication][SSH][SUCCESS] User='root'
[2025-08-09 08:10:00.547] 2025 Aug  6 07:41:46 prplOS obuspa[5897]: can_mtp_connect: Not connecting to Controller ACS as NTP time has not been acquired (time_status=Unsynchronized)
[2025-08-09 08:10:10.548] 2025 Aug  6 07:41:56 prplOS obuspa[5897]: can_mtp_connect: Not connecting to Controller ACS as NTP time has not been acquired (time_status=Unsynchronized)
[2025-08-09 08:10:20.551] 2025 Aug  6 07:42:06 prplOS obuspa[5897]: can_mtp_connect: Not connecting to Controller ACS as NTP time has not been acquired (time_status=Unsynchronized)
[2025-08-09 08:10:20.552] 2025 Aug  6 07:42:06 prplOS tr181-dhcpv4client: mod-dhc - [!][eth0] Broadcast DISCOVER. - (dhcp_packet_send@dhcp_packet.c:641)
[2025-08-09 08:10:30.550] 2025 Aug  6 07:42:16 prplOS obuspa[5897]: can_mtp_connect: Not connecting to Controller ACS as NTP time has not been acquired (time_status=Unsynchronized)
[2025-08-09 08:10:40.551] 2025 Aug  6 07:42:26 prplOS obuspa[5897]: can_mtp_connect: Not connecting to Controller ACS as NTP time has not been acquired (time_status=Unsynchronized)
[2025-08-09 08:10:50.553] 2025 Aug  6 07:42:36 prplOS obuspa[5897]: can_mtp_connect: Not connecting to Controller ACS as NTP time has not been acquired (time_status=Unsynchronized)
[2025-08-09 08:11:00.553] 2025 Aug  6 07:42:46 prplOS obuspa[5897]: can_mtp_connect: Not connecting to Controller ACS as NTP time has not been acquired (time_status=Unsynchronized)
[2025-08-09 08:11:04.554] 2025 Aug  6 07:42:50 prplOS netdev-plugin: netdev  - [x]No neigh provided to find route - (neigh_bind_to_defroute@dm_link_route.c:840)
[2025-08-09 08:11:04.556] 2025 Aug  6 07:42:50 prplOS netdev-plugin: netdev  - [x]No neigh provided to find route - (neigh_bind_to_defroute@dm_link_route.c:840)
[2025-08-09 08:11:04.556] 2025 Aug  6 07:42:50 prplOS netdev-plugin: netdev  - [x]No matching neighbour found to delete - (handleDelNeigh@dm_link_neigh.c:469)
[2025-08-09 08:11:10.555] 2025 Aug  6 07:42:56 prplOS obuspa[5897]: can_mtp_connect: Not connecting to Controller ACS as NTP time has not been acquired (time_status=Unsynchronized)
[2025-08-09 08:11:20.556] 2025 Aug  6 07:43:06 prplOS obuspa[5897]: can_mtp_connect: Not connecting to Controller ACS as NTP time has not been acquired (time_status=Unsynchronized)
[2025-08-09 08:11:23.556] 2025 Aug  6 07:43:09 prplOS tr181-dhcpv4client: mod-dhc - [!][eth0] Broadcast DISCOVER. - (dhcp_packet_send@dhcp_packet.c:641)
[2025-08-09 08:11:30.557] 2025 Aug  6 07:43:16 prplOS obuspa[5897]: can_mtp_connect: Not connecting to Controller ACS as NTP time has not been acquired (time_status=Unsynchronized)
[2025-08-09 08:11:40.558] 2025 Aug  6 07:43:26 prplOS obuspa[5897]: can_mtp_connect: Not connecting to Controller ACS as NTP time has not been acquired (time_status=Unsynchronized)
[2025-08-09 08:11:50.560] 2025 Aug  6 07:43:36 prplOS obuspa[5897]: can_mtp_connect: Not connecting to Controller ACS as NTP time has not been acquired (time_status=Unsynchronized)
[2025-08-09 08:12:00.560] 2025 Aug  6 07:43:46 prplOS obuspa[5897]: can_mtp_connect: Not connecting to Controller ACS as NTP time has not been acquired (time_status=Unsynchronized)
[2025-08-09 08:12:10.562] 2025 Aug  6 07:43:56 prplOS obuspa[5897]: can_mtp_connect: Not connecting to Controller ACS as NTP time has not been acquired (time_status=Unsynchronized)
[2025-08-09 08:12:20.564] 2025 Aug  6 07:44:06 prplOS obuspa[5897]: can_mtp_connect: Not connecting to Controller ACS as NTP time has not been acquired (time_status=Unsynchronized)
[2025-08-09 08:12:26.564] 2025 Aug  6 07:44:12 prplOS tr181-dhcpv4client: mod-dhc - [!][eth0] Broadcast DISCOVER. - (dhcp_packet_send@dhcp_packet.c:641)
[2025-08-09 08:12:30.566] 2025 Aug  6 07:44:16 prplOS obuspa[5897]: can_mtp_connect: Not connecting to Controller ACS as NTP time has not been acquired (time_status=Unsynchronized)
[2025-08-09 08:12:40.567] 2025 Aug  6 07:44:26 prplOS obuspa[5897]: can_mtp_connect: Not connecting to Controller ACS as NTP time has not been acquired (time_status=Unsynchronized)
[2025-08-09 08:12:50.569] 2025 Aug  6 07:44:36 prplOS obuspa[5897]: can_mtp_connect: Not connecting to Controller ACS as NTP time has not been acquired (time_status=Unsynchronized)
[2025-08-09 08:13:00.570] 2025 Aug  6 07:44:46 prplOS obuspa[5897]: can_mtp_connect: Not connecting to Controller ACS as NTP time has not been acquired (time_status=Unsynchronized)
[2025-08-09 08:13:10.571] 2025 Aug  6 07:44:56 prplOS obuspa[5897]: can_mtp_connect: Not connecting to Controller ACS as NTP time has not been acquired (time_status=Unsynchronized)
[2025-08-09 08:13:20.573] 2025 Aug  6 07:45:06 prplOS obuspa[5897]: can_mtp_connect: Not connecting to Controller ACS as NTP time has not been acquired (time_status=Unsynchronized)
[2025-08-09 08:13:29.574] 2025 Aug  6 07:45:15 prplOS tr181-dhcpv4client: mod-dhc - [!][eth0] Broadcast DISCOVER. - (dhcp_packet_send@dhcp_packet.c:641)
[2025-08-09 08:13:30.574] 2025 Aug  6 07:45:16 prplOS obuspa[5897]: can_mtp_connect: Not connecting to Controller ACS as NTP time has not been acquired (time_status=Unsynchronized)
[2025-08-09 08:13:40.575] 2025 Aug  6 07:45:26 prplOS obuspa[5897]: can_mtp_connect: Not connecting to Controller ACS as NTP time has not been acquired (time_status=Unsynchronized)
[2025-08-09 08:13:50.577] 2025 Aug  6 07:45:36 prplOS obuspa[5897]: can_mtp_connect: Not connecting to Controller ACS as NTP time has not been acquired (time_status=Unsynchronized)
[2025-08-09 08:13:50.578] 2025 Aug  6 07:45:36 prplOS obuspa[5897]: UpdateCanMtpConnect: WARNING: Timed out waiting for permission to connect. Connecting anyway. Some criteria may not be met.
[2025-08-09 08:13:50.579] 2025 Aug  6 07:45:36 prplOS obuspa[5897]: tw_ulib_diags_lookup_host(host=controller.cdroutertest.com, acs_family_pref=Any): getaddrinfo() failed: Temporary failure in name resolution
[2025-08-09 08:13:50.580] 2025 Aug  6 07:45:36 prplOS obuspa[5897]: ERROR: STOMP failed whilst attempting to connect to (host=controller.cdroutertest.com, port=61613)
[2025-08-09 08:13:50.581] 2025 Aug  6 07:45:36 prplOS obuspa[5897]: Error on STOMP connection to (host controller.cdroutertest.com, port 61613). Closing connection.
[2025-08-09 08:14:15.580] 2025 Aug  6 07:46:01 prplOS netmodel-clients: netdev_ - [x]Instance NetDev.Link.[Name == 'eth2']. not found - (find_instance_of_netdev@mib_netdev.c:213)
[2025-08-09 08:14:15.581] 2025 Aug  6 07:46:01 prplOS netmodel-clients: mib     - [!]Mib[netdev_mib] NetModel.Intf.5. Sync object A not found, waiting... - (start_sync@mib.c:620)
[2025-08-09 08:14:15.582] 2025 Aug  6 07:46:01 prplOS netmodel-clients: netdev_ - [x]Instance NetDev.Link.[Name == 'eth3']. not found - (find_instance_of_netdev@mib_netdev.c:213)
[2025-08-09 08:14:15.583] 2025 Aug  6 07:46:01 prplOS netmodel-clients: mib     - [!]Mib[netdev_mib] NetModel.Intf.6. Sync object A not found, waiting... - (start_sync@mib.c:620)
[2025-08-09 08:14:16.580] 2025 Aug  6 07:46:02 prplOS netmodel-clients: netdev_ - [x]Instance NetDev.Link.[Name == 'eth4']. not found - (find_instance_of_netdev@mib_netdev.c:213)
[2025-08-09 08:14:16.582] 2025 Aug  6 07:46:02 prplOS netmodel-clients: mib     - [!]Mib[netdev_mib] NetModel.Intf.7. Sync object A not found, waiting... - (start_sync@mib.c:620)
[2025-08-09 08:14:16.583] 2025 Aug  6 07:46:02 prplOS obuspa[5897]: tw_ulib_diags_lookup_host(host=controller.cdroutertest.com, acs_family_pref=Any): getaddrinfo() failed: Temporary failure in name resolution
[2025-08-09 08:14:16.584] 2025 Aug  6 07:46:02 prplOS obuspa[5897]: ERROR: STOMP failed whilst attempting to connect to (host=controller.cdroutertest.com, port=61613)
[2025-08-09 08:14:16.585] 2025 Aug  6 07:46:02 prplOS obuspa[5897]: Error on STOMP connection to (host controller.cdroutertest.com, port 61613). Closing connection.
[2025-08-09 08:14:22.580] 2025 Aug  6 07:46:08 prplOS netmodel-clients: netdev_ - [x]Instance NetDev.Link.[Name == 'pppoe-wan']. not found - (find_instance_of_netdev@mib_netdev.c:213)
[2025-08-09 08:14:22.581] 2025 Aug  6 07:46:08 prplOS netmodel-clients: mib     - [!]Mib[netdev_mib] NetModel.Intf.46. Sync object A not found, waiting... - (start_sync@mib.c:620)
[2025-08-09 08:14:23.581] 2025 Aug  6 07:46:09 prplOS obuspa[5897]: tw_ulib_diags_lookup_host(host=controller.cdroutertest.com, acs_family_pref=Any): getaddrinfo() failed: Temporary failure in name resolution
[2025-08-09 08:14:23.582] 2025 Aug  6 07:46:09 prplOS obuspa[5897]: ERROR: STOMP failed whilst attempting to connect to (host=controller.cdroutertest.com, port=61613)
[2025-08-09 08:14:23.583] 2025 Aug  6 07:46:09 prplOS obuspa[5897]: Error on STOMP connection to (host controller.cdroutertest.com, port 61613). Closing connection.
[2025-08-09 08:14:24.581] 2025 Aug  6 07:46:10 prplOS netmodel-clients: netdev_ - [x]Instance NetDev.Link.[Name == 'dslite0']. not found - (find_instance_of_netdev@mib_netdev.c:213)
[2025-08-09 08:14:24.582] 2025 Aug  6 07:46:10 prplOS netmodel-clients: mib     - [!]Mib[netdev_mib] NetModel.Intf.47. Sync object A not found, waiting... - (start_sync@mib.c:620)
[2025-08-09 08:14:30.580] 2025 Aug  6 07:46:17 prplOS netmodel-clients: netdev_ - [!]Won't be able to change sync object_a[Device.WiFi.SSID.3.] - (create_netdev_subscription@mib_netdev.c:237)
[2025-08-09 08:14:30.581] 2025 Aug  6 07:46:17 prplOS netmodel-clients: mib     - [!]Mib[netdev_mib] failed subscr: O[] E[notification in ['dm:instance-added','dm:instance-removed']] - (start_sync@mib.c:603)
[2025-08-09 08:14:30.582] 2025 Aug  6 07:46:17 prplOS netmodel-clients: mib     - [!]Mib[netdev_mib] NetModel.Intf.51. Sync object A not found, waiting... - (start_sync@mib.c:620)
[2025-08-09 08:14:32.582] 2025 Aug  6 07:46:18 prplOS netmodel-clients: netdev_ - [!]Won't be able to change sync object_a[Device.WiFi.SSID.1.] - (create_netdev_subscription@mib_netdev.c:237)
[2025-08-09 08:14:32.583] 2025 Aug  6 07:46:18 prplOS netmodel-clients: mib     - [!]Mib[netdev_mib] failed subscr: O[] E[notification in ['dm:instance-added','dm:instance-removed']] - (start_sync@mib.c:603)
[2025-08-09 08:14:32.584] 2025 Aug  6 07:46:18 prplOS netmodel-clients: mib     - [!]Mib[netdev_mib] NetModel.Intf.60. Sync object A not found, waiting... - (start_sync@mib.c:620)
[2025-08-09 08:14:32.585] 2025 Aug  6 07:46:18 prplOS tr181-dhcpv4client: mod-dhc - [!][eth0] Broadcast DISCOVER. - (dhcp_packet_send@dhcp_packet.c:641)
[2025-08-09 08:14:32.586] 2025 Aug  6 07:46:19 prplOS netmodel-clients: netdev_ - [!]Won't be able to change sync object_a[Device.WiFi.SSID.5.] - (create_netdev_subscription@mib_netdev.c:237)
[2025-08-09 08:14:32.587] 2025 Aug  6 07:46:19 prplOS netmodel-clients: mib     - [!]Mib[netdev_mib] failed subscr: O[] E[notification in ['dm:instance-added','dm:instance-removed']] - (start_sync@mib.c:603)
[2025-08-09 08:14:32.588] 2025 Aug  6 07:46:19 prplOS netmodel-clients: mib     - [!]Mib[netdev_mib] NetModel.Intf.62. Sync object A not found, waiting... - (start_sync@mib.c:620)
[2025-08-09 08:14:58.585] 2025 Aug  6 07:46:44 prplOS obuspa[5897]: tw_ulib_diags_lookup_host(host=controller.cdroutertest.com, acs_family_pref=Any): getaddrinfo() failed: Temporary failure in name resolution
[2025-08-09 08:14:58.587] 2025 Aug  6 07:46:44 prplOS obuspa[5897]: ERROR: STOMP failed whilst attempting to connect to (host=controller.cdroutertest.com, port=61613)
[2025-08-09 08:14:58.588] 2025 Aug  6 07:46:44 prplOS obuspa[5897]: Error on STOMP connection to (host controller.cdroutertest.com, port 61613). Closing connection.
[2025-08-09 08:15:04.586] 2025 Aug  6 07:46:50 prplOS obuspa[5897]: tw_ulib_diags_lookup_host(host=controller.cdroutertest.com, acs_family_pref=Any): getaddrinfo() failed: Temporary failure in name resolution
[2025-08-09 08:15:04.588] 2025 Aug  6 07:46:50 prplOS obuspa[5897]: ERROR: STOMP failed whilst attempting to connect to (host=controller.cdroutertest.com, port=61613)
[2025-08-09 08:15:04.589] 2025 Aug  6 07:46:50 prplOS obuspa[5897]: Error on STOMP connection to (host controller.cdroutertest.com, port 61613). Closing connection.
[2025-08-09 08:15:09.587] 2025 Aug  6 07:46:55 prplOS obuspa[5897]: tw_ulib_diags_lookup_host(host=controller.cdroutertest.com, acs_family_pref=Any): getaddrinfo() failed: Temporary failure in name resolution
[2025-08-09 08:15:09.589] 2025 Aug  6 07:46:55 prplOS obuspa[5897]: ERROR: STOMP failed whilst attempting to connect to (host=controller.cdroutertest.com, port=61613)
[2025-08-09 08:15:09.611] 2025 Aug  6 07:46:55 prplOS obuspa[5897]: Error on STOMP connection to (host controller.cdroutertest.com, port 61613). Closing connection.
[2025-08-09 08:15:35.590] 2025 Aug  6 07:47:21 prplOS tr181-dhcpv4client: mod-dhc - [!][eth0] Broadcast DISCOVER. - (dhcp_packet_send@dhcp_packet.c:641)
[2025-08-09 08:15:37.591] 2025 Aug  6 07:47:23 prplOS obuspa[5897]: tw_ulib_diags_lookup_host(host=controller.cdroutertest.com, acs_family_pref=Any): getaddrinfo() failed: Temporary failure in name resolution
[2025-08-09 08:15:37.592] 2025 Aug  6 07:47:23 prplOS obuspa[5897]: ERROR: STOMP failed whilst attempting to connect to (host=controller.cdroutertest.com, port=61613)
[2025-08-09 08:15:37.593] 2025 Aug  6 07:47:23 prplOS obuspa[5897]: Error on STOMP connection to (host controller.cdroutertest.com, port 61613). Closing connection.
[2025-08-09 08:16:15.595] 2025 Aug  6 07:48:01 prplOS obuspa[5897]: tw_ulib_diags_lookup_host(host=controller.cdroutertest.com, acs_family_pref=Any): getaddrinfo() failed: Temporary failure in name resolution
[2025-08-09 08:16:15.597] 2025 Aug  6 07:48:01 prplOS obuspa[5897]: ERROR: STOMP failed whilst attempting to connect to (host=controller.cdroutertest.com, port=61613)
[2025-08-09 08:16:15.598] 2025 Aug  6 07:48:01 prplOS obuspa[5897]: Error on STOMP connection to (host controller.cdroutertest.com, port 61613). Closing connection.
[2025-08-09 08:16:38.598] 2025 Aug  6 07:48:24 prplOS tr181-dhcpv4client: mod-dhc - [!][eth0] Broadcast DISCOVER. - (dhcp_packet_send@dhcp_packet.c:641)
[2025-08-09 08:16:42.598] 2025 Aug  6 07:48:28 prplOS obuspa[5897]: tw_ulib_diags_lookup_host(host=controller.cdroutertest.com, acs_family_pref=Any): getaddrinfo() failed: Temporary failure in name resolution
[2025-08-09 08:16:42.599] 2025 Aug  6 07:48:28 prplOS obuspa[5897]: ERROR: STOMP failed whilst attempting to connect to (host=controller.cdroutertest.com, port=61613)
[2025-08-09 08:16:42.600] 2025 Aug  6 07:48:28 prplOS obuspa[5897]: Error on STOMP connection to (host controller.cdroutertest.com, port 61613). Closing connection.
[2025-08-09 08:16:46.599] 2025 Aug  6 07:48:32 prplOS obuspa[5897]: tw_ulib_diags_lookup_host(host=controller.cdroutertest.com, acs_family_pref=Any): getaddrinfo() failed: Temporary failure in name resolution
[2025-08-09 08:16:46.600] 2025 Aug  6 07:48:32 prplOS obuspa[5897]: ERROR: STOMP failed whilst attempting to connect to (host=controller.cdroutertest.com, port=61613)
[2025-08-09 08:16:46.601] 2025 Aug  6 07:48:32 prplOS obuspa[5897]: Error on STOMP connection to (host controller.cdroutertest.com, port 61613). Closing connection.
[2025-08-09 08:17:34.605] 2025 Aug  6 07:49:20 prplOS obuspa[5897]: tw_ulib_diags_lookup_host(host=controller.cdroutertest.com, acs_family_pref=Any): getaddrinfo() failed: Temporary failure in name resolution
[2025-08-09 08:17:34.606] 2025 Aug  6 07:49:20 prplOS obuspa[5897]: ERROR: STOMP failed whilst attempting to connect to (host=controller.cdroutertest.com, port=61613)
[2025-08-09 08:17:34.607] 2025 Aug  6 07:49:20 prplOS obuspa[5897]: Error on STOMP connection to (host controller.cdroutertest.com, port 61613). Closing connection.
[2025-08-09 08:17:41.606] 2025 Aug  6 07:49:27 prplOS tr181-dhcpv4client: mod-dhc - [!][eth0] Broadcast DISCOVER. - (dhcp_packet_send@dhcp_packet.c:641)
[2025-08-09 08:18:09.610] 2025 Aug  6 07:49:55 prplOS obuspa[5897]: tw_ulib_diags_lookup_host(host=controller.cdroutertest.com, acs_family_pref=Any): getaddrinfo() failed: Temporary failure in name resolution
[2025-08-09 08:18:09.612] 2025 Aug  6 07:49:55 prplOS obuspa[5897]: ERROR: STOMP failed whilst attempting to connect to (host=controller.cdroutertest.com, port=61613)
[2025-08-09 08:18:09.613] 2025 Aug  6 07:49:55 prplOS obuspa[5897]: Error on STOMP connection to (host controller.cdroutertest.com, port 61613). Closing connection.
[2025-08-09 08:18:14.611] 2025 Aug  6 07:50:00 prplOS crond[5987]: USER root pid 10786 cmd /usr/sbin/logrotate /etc/logrotate.conf
[2025-08-09 08:18:34.613] 2025 Aug  6 07:50:20 prplOS obuspa[5897]: tw_ulib_diags_lookup_host(host=controller.cdroutertest.com, acs_family_pref=Any): getaddrinfo() failed: Temporary failure in name resolution
[2025-08-09 08:18:34.614] 2025 Aug  6 07:50:20 prplOS obuspa[5897]: ERROR: STOMP failed whilst attempting to connect to (host=controller.cdroutertest.com, port=61613)
[2025-08-09 08:18:34.615] 2025 Aug  6 07:50:20 prplOS obuspa[5897]: Error on STOMP connection to (host controller.cdroutertest.com, port 61613). Closing connection.
[2025-08-09 08:18:43.615] 2025 Aug  6 07:50:29 prplOS obuspa[5897]: tw_ulib_diags_lookup_host(host=controller.cdroutertest.com, acs_family_pref=Any): getaddrinfo() failed: Temporary failure in name resolution
[2025-08-09 08:18:43.616] 2025 Aug  6 07:50:29 prplOS obuspa[5897]: ERROR: STOMP failed whilst attempting to connect to (host=controller.cdroutertest.com, port=61613)
[2025-08-09 08:18:43.617] 2025 Aug  6 07:50:29 prplOS obuspa[5897]: Error on STOMP connection to (host controller.cdroutertest.com, port 61613). Closing connection.
[2025-08-09 08:18:44.615] 2025 Aug  6 07:50:30 prplOS tr181-dhcpv4client: mod-dhc - [!][eth0] Broadcast DISCOVER. - (dhcp_packet_send@dhcp_packet.c:641)
[2025-08-09 08:19:35.620] 2025 Aug  6 07:51:22 prplOS obuspa[5897]: tw_ulib_diags_lookup_host(host=controller.cdroutertest.com, acs_family_pref=Any): getaddrinfo() failed: Temporary failure in name resolution
[2025-08-09 08:19:35.622] 2025 Aug  6 07:51:22 prplOS obuspa[5897]: ERROR: STOMP failed whilst attempting to connect to (host=controller.cdroutertest.com, port=61613)
[2025-08-09 08:19:35.623] 2025 Aug  6 07:51:22 prplOS obuspa[5897]: Error on STOMP connection to (host controller.cdroutertest.com, port 61613). Closing connection.
[2025-08-09 08:19:39.621] 2025 Aug  6 07:51:26 prplOS obuspa[5897]: tw_ulib_diags_lookup_host(host=controller.cdroutertest.com, acs_family_pref=Any): getaddrinfo() failed: Temporary failure in name resolution
[2025-08-09 08:19:39.622] 2025 Aug  6 07:51:26 prplOS obuspa[5897]: ERROR: STOMP failed whilst attempting to connect to (host=controller.cdroutertest.com, port=61613)
[2025-08-09 08:19:39.624] 2025 Aug  6 07:51:26 prplOS obuspa[5897]: Error on STOMP connection to (host controller.cdroutertest.com, port 61613). Closing connection.
[2025-08-09 08:19:47.623] 2025 Aug  6 07:51:33 prplOS tr181-dhcpv4client: mod-dhc - [!][eth0] Broadcast DISCOVER. - (dhcp_packet_send@dhcp_packet.c:641)
[2025-08-09 08:20:04.625] 2025 Aug  6 07:51:51 prplOS obuspa[5897]: tw_ulib_diags_lookup_host(host=controller.cdroutertest.com, acs_family_pref=Any): getaddrinfo() failed: Temporary failure in name resolution
[2025-08-09 08:20:04.626] 2025 Aug  6 07:51:51 prplOS obuspa[5897]: ERROR: STOMP failed whilst attempting to connect to (host=controller.cdroutertest.com, port=61613)
[2025-08-09 08:20:04.627] 2025 Aug  6 07:51:51 prplOS obuspa[5897]: Error on STOMP connection to (host controller.cdroutertest.com, port 61613). Closing connection.
[2025-08-09 08:20:18.627] 2025 Aug  6 07:52:05 prplOS obuspa[5897]: tw_ulib_diags_lookup_host(host=controller.cdroutertest.com, acs_family_pref=Any): getaddrinfo() failed: Temporary failure in name resolution
[2025-08-09 08:20:18.628] 2025 Aug  6 07:52:05 prplOS obuspa[5897]: ERROR: STOMP failed whilst attempting to connect to (host=controller.cdroutertest.com, port=61613)
[2025-08-09 08:20:18.629] 2025 Aug  6 07:52:05 prplOS obuspa[5897]: Error on STOMP connection to (host controller.cdroutertest.com, port 61613). Closing connection.
[2025-08-09 08:20:41.630] 2025 Aug  6 07:52:28 prplOS obuspa[5897]: tw_ulib_diags_lookup_host(host=controller.cdroutertest.com, acs_family_pref=Any): getaddrinfo() failed: Temporary failure in name resolution
[2025-08-09 08:20:41.631] 2025 Aug  6 07:52:28 prplOS obuspa[5897]: ERROR: STOMP failed whilst attempting to connect to (host=controller.cdroutertest.com, port=61613)
[2025-08-09 08:20:41.632] 2025 Aug  6 07:52:28 prplOS obuspa[5897]: Error on STOMP connection to (host controller.cdroutertest.com, port 61613). Closing connection.
[2025-08-09 08:20:49.630] 2025 Aug  6 07:52:36 prplOS obuspa[5897]: tw_ulib_diags_lookup_host(host=controller.cdroutertest.com, acs_family_pref=Any): getaddrinfo() failed: Temporary failure in name resolution
[2025-08-09 08:20:49.632] 2025 Aug  6 07:52:36 prplOS obuspa[5897]: ERROR: STOMP failed whilst attempting to connect to (host=controller.cdroutertest.com, port=61613)
[2025-08-09 08:20:49.633] 2025 Aug  6 07:52:36 prplOS obuspa[5897]: Error on STOMP connection to (host controller.cdroutertest.com, port 61613). Closing connection.
[2025-08-09 08:20:50.630] 2025 Aug  6 07:52:36 prplOS tr181-dhcpv4client: mod-dhc - [!][eth0] Broadcast DISCOVER. - (dhcp_packet_send@dhcp_packet.c:641)
[2025-08-09 08:21:11.633] 2025 Aug  6 07:52:58 prplOS obuspa[5897]: tw_ulib_diags_lookup_host(host=controller.cdroutertest.com, acs_family_pref=Any): getaddrinfo() failed: Temporary failure in name resolution
[2025-08-09 08:21:11.634] 2025 Aug  6 07:52:58 prplOS obuspa[5897]: ERROR: STOMP failed whilst attempting to connect to (host=controller.cdroutertest.com, port=61613)
[2025-08-09 08:21:11.635] 2025 Aug  6 07:52:58 prplOS obuspa[5897]: Error on STOMP connection to (host controller.cdroutertest.com, port 61613). Closing connection.
[2025-08-09 08:21:53.639] 2025 Aug  6 07:53:39 prplOS tr181-dhcpv4client: mod-dhc - [!][eth0] Broadcast DISCOVER. - (dhcp_packet_send@dhcp_packet.c:641)
[2025-08-09 08:21:58.640] 2025 Aug  6 07:53:45 prplOS obuspa[5897]: tw_ulib_diags_lookup_host(host=controller.cdroutertest.com, acs_family_pref=Any): getaddrinfo() failed: Temporary failure in name resolution
[2025-08-09 08:21:58.641] 2025 Aug  6 07:53:45 prplOS obuspa[5897]: ERROR: STOMP failed whilst attempting to connect to (host=controller.cdroutertest.com, port=61613)
[2025-08-09 08:21:58.664] 2025 Aug  6 07:53:45 prplOS obuspa[5897]: Error on STOMP connection to (host controller.cdroutertest.com, port 61613). Closing connection.
[2025-08-09 08:22:34.645] 2025 Aug  6 07:54:20 prplOS obuspa[5897]: tw_ulib_diags_lookup_host(host=controller.cdroutertest.com, acs_family_pref=Any): getaddrinfo() failed: Temporary failure in name resolution
[2025-08-09 08:22:34.646] 2025 Aug  6 07:54:20 prplOS obuspa[5897]: ERROR: STOMP failed whilst attempting to connect to (host=controller.cdroutertest.com, port=61613)
[2025-08-09 08:22:34.647] 2025 Aug  6 07:54:20 prplOS obuspa[5897]: Error on STOMP connection to (host controller.cdroutertest.com, port 61613). Closing connection.
[2025-08-09 08:22:56.647] 2025 Aug  6 07:54:42 prplOS tr181-dhcpv4client: mod-dhc - [!][eth0] Broadcast DISCOVER. - (dhcp_packet_send@dhcp_packet.c:641)
[2025-08-09 08:23:02.648] 2025 Aug  6 07:54:48 prplOS obuspa[5897]: tw_ulib_diags_lookup_host(host=controller.cdroutertest.com, acs_family_pref=Any): getaddrinfo() failed: Temporary failure in name resolution
[2025-08-09 08:23:02.650] 2025 Aug  6 07:54:48 prplOS obuspa[5897]: ERROR: STOMP failed whilst attempting to connect to (host=controller.cdroutertest.com, port=61613)
[2025-08-09 08:23:02.650] 2025 Aug  6 07:54:48 prplOS obuspa[5897]: Error on STOMP connection to (host controller.cdroutertest.com, port 61613). Closing connection.
[2025-08-09 08:23:11.648] 2025 Aug  6 07:54:57 prplOS obuspa[5897]: tw_ulib_diags_lookup_host(host=controller.cdroutertest.com, acs_family_pref=Any): getaddrinfo() failed: Temporary failure in name resolution
[2025-08-09 08:23:11.650] 2025 Aug  6 07:54:57 prplOS obuspa[5897]: ERROR: STOMP failed whilst attempting to connect to (host=controller.cdroutertest.com, port=61613)
[2025-08-09 08:23:11.651] 2025 Aug  6 07:54:57 prplOS obuspa[5897]: Error on STOMP connection to (host controller.cdroutertest.com, port 61613). Closing connection.
[2025-08-09 08:23:16.650] 2025 Aug  6 07:55:02 prplOS obuspa[5897]: tw_ulib_diags_lookup_host(host=controller.cdroutertest.com, acs_family_pref=Any): getaddrinfo() failed: Temporary failure in name resolution
[2025-08-09 08:23:16.651] 2025 Aug  6 07:55:02 prplOS obuspa[5897]: ERROR: STOMP failed whilst attempting to connect to (host=controller.cdroutertest.com, port=61613)
[2025-08-09 08:23:16.675] 2025 Aug  6 07:55:02 prplOS obuspa[5897]: Error on STOMP connection to (host controller.cdroutertest.com, port 61613). Closing connection.
[2025-08-09 08:23:59.655] 2025 Aug  6 07:55:45 prplOS tr181-dhcpv4client: mod-dhc - [!][eth0] Broadcast DISCOVER. - (dhcp_packet_send@dhcp_packet.c:641)
[2025-08-09 08:24:04.656] 2025 Aug  6 07:55:50 prplOS obuspa[5897]: tw_ulib_diags_lookup_host(host=controller.cdroutertest.com, acs_family_pref=Any): getaddrinfo() failed: Temporary failure in name resolution
[2025-08-09 08:24:04.658] 2025 Aug  6 07:55:50 prplOS obuspa[5897]: ERROR: STOMP failed whilst attempting to connect to (host=controller.cdroutertest.com, port=61613)
[2025-08-09 08:24:04.680] 2025 Aug  6 07:55:50 prplOS obuspa[5897]: Error on STOMP connection to (host controller.cdroutertest.com, port 61613). Closing connection.
[2025-08-09 08:24:30.659] 2025 Aug  6 07:56:16 prplOS obuspa[5897]: tw_ulib_diags_lookup_host(host=controller.cdroutertest.com, acs_family_pref=Any): getaddrinfo() failed: Temporary failure in name resolution
[2025-08-09 08:24:30.661] 2025 Aug  6 07:56:16 prplOS obuspa[5897]: ERROR: STOMP failed whilst attempting to connect to (host=controller.cdroutertest.com, port=61613)
[2025-08-09 08:24:30.661] 2025 Aug  6 07:56:16 prplOS obuspa[5897]: Error on STOMP connection to (host controller.cdroutertest.com, port 61613). Closing connection.
[2025-08-09 08:24:49.662] 2025 Aug  6 07:56:35 prplOS obuspa[5897]: tw_ulib_diags_lookup_host(host=controller.cdroutertest.com, acs_family_pref=Any): getaddrinfo() failed: Temporary failure in name resolution
[2025-08-09 08:24:49.663] 2025 Aug  6 07:56:35 prplOS obuspa[5897]: ERROR: STOMP failed whilst attempting to connect to (host=controller.cdroutertest.com, port=61613)
[2025-08-09 08:24:49.664] 2025 Aug  6 07:56:35 prplOS obuspa[5897]: Error on STOMP connection to (host controller.cdroutertest.com, port 61613). Closing connection.
[2025-08-09 08:24:55.663] 2025 Aug  6 07:56:41 prplOS netmodel-clients: netdev_ - [x]Instance NetDev.Link.[Name == 'eth2']. not found - (find_instance_of_netdev@mib_netdev.c:213)
[2025-08-09 08:24:55.664] 2025 Aug  6 07:56:41 prplOS netmodel-clients: mib     - [!]Mib[netdev_mib] NetModel.Intf.5. Sync object A not found, waiting... - (start_sync@mib.c:620)
[2025-08-09 08:24:55.665] 2025 Aug  6 07:56:41 prplOS netmodel-clients: netdev_ - [x]Instance NetDev.Link.[Name == 'eth3']. not found - (find_instance_of_netdev@mib_netdev.c:213)
[2025-08-09 08:24:55.666] 2025 Aug  6 07:56:41 prplOS netmodel-clients: mib     - [!]Mib[netdev_mib] NetModel.Intf.6. Sync object A not found, waiting... - (start_sync@mib.c:620)
[2025-08-09 08:24:55.667] 2025 Aug  6 07:56:42 prplOS netmodel-clients: netdev_ - [x]Instance NetDev.Link.[Name == 'eth4']. not found - (find_instance_of_netdev@mib_netdev.c:213)
[2025-08-09 08:24:55.667] 2025 Aug  6 07:56:42 prplOS netmodel-clients: mib     - [!]Mib[netdev_mib] NetModel.Intf.7. Sync object A not found, waiting... - (start_sync@mib.c:620)
[2025-08-09 08:25:02.663] 2025 Aug  6 07:56:48 prplOS netmodel-clients: netdev_ - [x]Instance NetDev.Link.[Name == 'pppoe-wan']. not found - (find_instance_of_netdev@mib_netdev.c:213)
[2025-08-09 08:25:02.664] 2025 Aug  6 07:56:48 prplOS netmodel-clients: mib     - [!]Mib[netdev_mib] NetModel.Intf.46. Sync object A not found, waiting... - (start_sync@mib.c:620)
[2025-08-09 08:25:02.666] 2025 Aug  6 07:56:48 prplOS tr181-dhcpv4client: mod-dhc - [!][eth0] Broadcast DISCOVER. - (dhcp_packet_send@dhcp_packet.c:641)
[2025-08-09 08:25:04.664] 2025 Aug  6 07:56:50 prplOS netmodel-clients: netdev_ - [x]Instance NetDev.Link.[Name == 'dslite0']. not found - (find_instance_of_netdev@mib_netdev.c:213)
[2025-08-09 08:25:04.665] 2025 Aug  6 07:56:50 prplOS netmodel-clients: mib     - [!]Mib[netdev_mib] NetModel.Intf.47. Sync object A not found, waiting... - (start_sync@mib.c:620)
[2025-08-09 08:25:10.664] 2025 Aug  6 07:56:57 prplOS netmodel-clients: netdev_ - [!]Won't be able to change sync object_a[Device.WiFi.SSID.3.] - (create_netdev_subscription@mib_netdev.c:237)
[2025-08-09 08:25:10.666] 2025 Aug  6 07:56:57 prplOS netmodel-clients: mib     - [!]Mib[netdev_mib] failed subscr: O[] E[notification in ['dm:instance-added','dm:instance-removed']] - (start_sync@mib.c:603)
[2025-08-09 08:25:10.666] 2025 Aug  6 07:56:57 prplOS netmodel-clients: mib     - [!]Mib[netdev_mib] NetModel.Intf.51. Sync object A not found, waiting... - (start_sync@mib.c:620)
[2025-08-09 08:25:12.664] 2025 Aug  6 07:56:58 prplOS netmodel-clients: netdev_ - [!]Won't be able to change sync object_a[Device.WiFi.SSID.1.] - (create_netdev_subscription@mib_netdev.c:237)
[2025-08-09 08:25:12.666] 2025 Aug  6 07:56:58 prplOS netmodel-clients: mib     - [!]Mib[netdev_mib] failed subscr: O[] E[notification in ['dm:instance-added','dm:instance-removed']] - (start_sync@mib.c:603)
[2025-08-09 08:25:12.667] 2025 Aug  6 07:56:58 prplOS netmodel-clients: mib     - [!]Mib[netdev_mib] NetModel.Intf.60. Sync object A not found, waiting... - (start_sync@mib.c:620)
[2025-08-09 08:25:12.668] 2025 Aug  6 07:56:59 prplOS netmodel-clients: netdev_ - [!]Won't be able to change sync object_a[Device.WiFi.SSID.5.] - (create_netdev_subscription@mib_netdev.c:237)
[2025-08-09 08:25:12.669] 2025 Aug  6 07:56:59 prplOS netmodel-clients: mib     - [!]Mib[netdev_mib] failed subscr: O[] E[notification in ['dm:instance-added','dm:instance-removed']] - (start_sync@mib.c:603)
[2025-08-09 08:25:12.670] 2025 Aug  6 07:56:59 prplOS netmodel-clients: mib     - [!]Mib[netdev_mib] NetModel.Intf.62. Sync object A not found, waiting... - (start_sync@mib.c:620)
[2025-08-09 08:25:31.667] 2025 Aug  6 07:57:17 prplOS obuspa[5897]: tw_ulib_diags_lookup_host(host=controller.cdroutertest.com, acs_family_pref=Any): getaddrinfo() failed: Temporary failure in name resolution
[2025-08-09 08:25:31.669] 2025 Aug  6 07:57:17 prplOS obuspa[5897]: ERROR: STOMP failed whilst attempting to connect to (host=controller.cdroutertest.com, port=61613)
[2025-08-09 08:25:31.670] 2025 Aug  6 07:57:17 prplOS obuspa[5897]: Error on STOMP connection to (host controller.cdroutertest.com, port 61613). Closing connection.
[2025-08-09 08:25:53.670] 2025 Aug  6 07:57:39 prplOS obuspa[5897]: tw_ulib_diags_lookup_host(host=controller.cdroutertest.com, acs_family_pref=Any): getaddrinfo() failed: Temporary failure in name resolution
[2025-08-09 08:25:53.671] 2025 Aug  6 07:57:39 prplOS obuspa[5897]: ERROR: STOMP failed whilst attempting to connect to (host=controller.cdroutertest.com, port=61613)
[2025-08-09 08:25:53.673] 2025 Aug  6 07:57:39 prplOS obuspa[5897]: Error on STOMP connection to (host controller.cdroutertest.com, port 61613). Closing connection.
[2025-08-09 08:25:56.671] 2025 Aug  6 07:57:42 prplOS obuspa[5897]: tw_ulib_diags_lookup_host(host=controller.cdroutertest.com, acs_family_pref=Any): getaddrinfo() failed: Temporary failure in name resolution
[2025-08-09 08:25:56.672] 2025 Aug  6 07:57:42 prplOS obuspa[5897]: ERROR: STOMP failed whilst attempting to connect to (host=controller.cdroutertest.com, port=61613)
[2025-08-09 08:25:56.673] 2025 Aug  6 07:57:42 prplOS obuspa[5897]: Error on STOMP connection to (host controller.cdroutertest.com, port 61613). Closing connection.
[2025-08-09 08:26:05.672] 2025 Aug  6 07:57:51 prplOS tr181-dhcpv4client: mod-dhc - [!][eth0] Broadcast DISCOVER. - (dhcp_packet_send@dhcp_packet.c:641)
[2025-08-09 08:26:31.675] 2025 Aug  6 07:58:17 prplOS obuspa[5897]: tw_ulib_diags_lookup_host(host=controller.cdroutertest.com, acs_family_pref=Any): getaddrinfo() failed: Temporary failure in name resolution
[2025-08-09 08:26:31.676] 2025 Aug  6 07:58:17 prplOS obuspa[5897]: ERROR: STOMP failed whilst attempting to connect to (host=controller.cdroutertest.com, port=61613)
[2025-08-09 08:26:31.677] 2025 Aug  6 07:58:17 prplOS obuspa[5897]: Error on STOMP connection to (host controller.cdroutertest.com, port 61613). Closing connection.
[2025-08-09 08:27:08.680] 2025 Aug  6 07:58:54 prplOS tr181-dhcpv4client: mod-dhc - [!][eth0] Broadcast DISCOVER. - (dhcp_packet_send@dhcp_packet.c:641)
[2025-08-09 08:27:21.682] 2025 Aug  6 07:59:07 prplOS obuspa[5897]: tw_ulib_diags_lookup_host(host=controller.cdroutertest.com, acs_family_pref=Any): getaddrinfo() failed: Temporary failure in name resolution
[2025-08-09 08:27:21.683] 2025 Aug  6 07:59:07 prplOS obuspa[5897]: ERROR: STOMP failed whilst attempting to connect to (host=controller.cdroutertest.com, port=61613)
[2025-08-09 08:27:21.684] 2025 Aug  6 07:59:07 prplOS obuspa[5897]: Error on STOMP connection to (host controller.cdroutertest.com, port 61613). Closing connection.
[2025-08-09 08:28:11.687] 2025 Aug  6 07:59:57 prplOS obuspa[5897]: tw_ulib_diags_lookup_host(host=controller.cdroutertest.com, acs_family_pref=Any): getaddrinfo() failed: Temporary failure in name resolution
[2025-08-09 08:28:11.688] 2025 Aug  6 07:59:57 prplOS obuspa[5897]: ERROR: STOMP failed whilst attempting to connect to (host=controller.cdroutertest.com, port=61613)
[2025-08-09 08:28:11.690] 2025 Aug  6 07:59:57 prplOS obuspa[5897]: Error on STOMP connection to (host controller.cdroutertest.com, port 61613). Closing connection.
[2025-08-09 08:28:11.691] 2025 Aug  6 07:59:57 prplOS tr181-dhcpv4client: mod-dhc - [!][eth0] Broadcast DISCOVER. - (dhcp_packet_send@dhcp_packet.c:641)
[2025-08-09 08:28:14.688] 2025 Aug  6 08:00:00 prplOS crond[5987]: USER root pid 10912 cmd /usr/sbin/logrotate /etc/logrotate.conf
[2025-08-09 08:28:58.693] 2025 Aug  6 08:00:44 prplOS obuspa[5897]: tw_ulib_diags_lookup_host(host=controller.cdroutertest.com, acs_family_pref=Any): getaddrinfo() failed: Temporary failure in name resolution
[2025-08-09 08:28:58.694] 2025 Aug  6 08:00:44 prplOS obuspa[5897]: ERROR: STOMP failed whilst attempting to connect to (host=controller.cdroutertest.com, port=61613)
[2025-08-09 08:28:58.695] 2025 Aug  6 08:00:44 prplOS obuspa[5897]: Error on STOMP connection to (host controller.cdroutertest.com, port 61613). Closing connection.
[2025-08-09 08:29:14.696] 2025 Aug  6 08:01:00 prplOS tr181-dhcpv4client: mod-dhc - [!][eth0] Broadcast DISCOVER. - (dhcp_packet_send@dhcp_packet.c:641)
[2025-08-09 08:29:46.699] 2025 Aug  6 08:01:32 prplOS obuspa[5897]: tw_ulib_diags_lookup_host(host=controller.cdroutertest.com, acs_family_pref=Any): getaddrinfo() failed: Temporary failure in name resolution
[2025-08-09 08:29:46.701] 2025 Aug  6 08:01:32 prplOS obuspa[5897]: ERROR: STOMP failed whilst attempting to connect to (host=controller.cdroutertest.com, port=61613)
[2025-08-09 08:29:46.702] 2025 Aug  6 08:01:32 prplOS obuspa[5897]: Error on STOMP connection to (host controller.cdroutertest.com, port 61613). Closing connection.
[2025-08-09 08:30:17.703] 2025 Aug  6 08:02:03 prplOS tr181-dhcpv4client: mod-dhc - [!][eth0] Broadcast DISCOVER. - (dhcp_packet_send@dhcp_packet.c:641)
[2025-08-09 08:30:24.703] 2025 Aug  6 08:02:10 prplOS obuspa[5897]: tw_ulib_diags_lookup_host(host=controller.cdroutertest.com, acs_family_pref=Any): getaddrinfo() failed: Temporary failure in name resolution
[2025-08-09 08:30:24.705] 2025 Aug  6 08:02:10 prplOS obuspa[5897]: ERROR: STOMP failed whilst attempting to connect to (host=controller.cdroutertest.com, port=61613)
[2025-08-09 08:30:24.706] 2025 Aug  6 08:02:10 prplOS obuspa[5897]: Error on STOMP connection to (host controller.cdroutertest.com, port 61613). Closing connection.
[2025-08-09 08:30:55.707] 2025 Aug  6 08:02:41 prplOS obuspa[5897]: tw_ulib_diags_lookup_host(host=controller.cdroutertest.com, acs_family_pref=Any): getaddrinfo() failed: Temporary failure in name resolution
[2025-08-09 08:30:55.709] 2025 Aug  6 08:02:41 prplOS obuspa[5897]: ERROR: STOMP failed whilst attempting to connect to (host=controller.cdroutertest.com, port=61613)
[2025-08-09 08:30:55.710] 2025 Aug  6 08:02:41 prplOS obuspa[5897]: Error on STOMP connection to (host controller.cdroutertest.com, port 61613). Closing connection.
[2025-08-09 08:31:09.709] 2025 Aug  6 08:02:55 prplOS obuspa[5897]: tw_ulib_diags_lookup_host(host=controller.cdroutertest.com, acs_family_pref=Any): getaddrinfo() failed: Temporary failure in name resolution
[2025-08-09 08:31:09.710] 2025 Aug  6 08:02:55 prplOS obuspa[5897]: ERROR: STOMP failed whilst attempting to connect to (host=controller.cdroutertest.com, port=61613)
[2025-08-09 08:31:09.711] 2025 Aug  6 08:02:55 prplOS obuspa[5897]: Error on STOMP connection to (host controller.cdroutertest.com, port 61613). Closing connection.
[2025-08-09 08:31:20.710] 2025 Aug  6 08:03:06 prplOS tr181-dhcpv4client: mod-dhc - [!][eth0] Broadcast DISCOVER. - (dhcp_packet_send@dhcp_packet.c:641)
[2025-08-09 08:32:06.716] 2025 Aug  6 08:03:52 prplOS obuspa[5897]: tw_ulib_diags_lookup_host(host=controller.cdroutertest.com, acs_family_pref=Any): getaddrinfo() failed: Temporary failure in name resolution
[2025-08-09 08:32:06.718] 2025 Aug  6 08:03:52 prplOS obuspa[5897]: ERROR: STOMP failed whilst attempting to connect to (host=controller.cdroutertest.com, port=61613)
[2025-08-09 08:32:06.719] 2025 Aug  6 08:03:52 prplOS obuspa[5897]: Error on STOMP connection to (host controller.cdroutertest.com, port 61613). Closing connection.
[2025-08-09 08:32:23.718] 2025 Aug  6 08:04:09 prplOS tr181-dhcpv4client: mod-dhc - [!][eth0] Broadcast DISCOVER. - (dhcp_packet_send@dhcp_packet.c:641)
[2025-08-09 08:32:46.721] 2025 Aug  6 08:04:32 prplOS obuspa[5897]: tw_ulib_diags_lookup_host(host=controller.cdroutertest.com, acs_family_pref=Any): getaddrinfo() failed: Temporary failure in name resolution
[2025-08-09 08:32:46.722] 2025 Aug  6 08:04:32 prplOS obuspa[5897]: ERROR: STOMP failed whilst attempting to connect to (host=controller.cdroutertest.com, port=61613)
[2025-08-09 08:32:46.723] 2025 Aug  6 08:04:32 prplOS obuspa[5897]: Error on STOMP connection to (host controller.cdroutertest.com, port 61613). Closing connection.
[2025-08-09 08:33:20.726] 2025 Aug  6 08:05:07 prplOS obuspa[5897]: tw_ulib_diags_lookup_host(host=controller.cdroutertest.com, acs_family_pref=Any): getaddrinfo() failed: Temporary failure in name resolution
[2025-08-09 08:33:20.727] 2025 Aug  6 08:05:07 prplOS obuspa[5897]: ERROR: STOMP failed whilst attempting to connect to (host=controller.cdroutertest.com, port=61613)
[2025-08-09 08:33:20.728] 2025 Aug  6 08:05:07 prplOS obuspa[5897]: Error on STOMP connection to (host controller.cdroutertest.com, port 61613). Closing connection.
[2025-08-09 08:33:26.726] 2025 Aug  6 08:05:12 prplOS tr181-dhcpv4client: mod-dhc - [!][eth0] Broadcast DISCOVER. - (dhcp_packet_send@dhcp_packet.c:641)
[2025-08-09 08:34:09.732] 2025 Aug  6 08:05:56 prplOS obuspa[5897]: tw_ulib_diags_lookup_host(host=controller.cdroutertest.com, acs_family_pref=Any): getaddrinfo() failed: Temporary failure in name resolution
[2025-08-09 08:34:09.733] 2025 Aug  6 08:05:56 prplOS obuspa[5897]: ERROR: STOMP failed whilst attempting to connect to (host=controller.cdroutertest.com, port=61613)
[2025-08-09 08:34:09.735] 2025 Aug  6 08:05:56 prplOS obuspa[5897]: Error on STOMP connection to (host controller.cdroutertest.com, port 61613). Closing connection.
[2025-08-09 08:34:29.734] 2025 Aug  6 08:06:15 prplOS tr181-dhcpv4client: mod-dhc - [!][eth0] Broadcast DISCOVER. - (dhcp_packet_send@dhcp_packet.c:641)
[2025-08-09 08:34:37.735] 2025 Aug  6 08:06:24 prplOS obuspa[5897]: tw_ulib_diags_lookup_host(host=controller.cdroutertest.com, acs_family_pref=Any): getaddrinfo() failed: Temporary failure in name resolution
[2025-08-09 08:34:37.737] 2025 Aug  6 08:06:24 prplOS obuspa[5897]: ERROR: STOMP failed whilst attempting to connect to (host=controller.cdroutertest.com, port=61613)
[2025-08-09 08:34:37.738] 2025 Aug  6 08:06:24 prplOS obuspa[5897]: Error on STOMP connection to (host controller.cdroutertest.com, port 61613). Closing connection.
[2025-08-09 08:35:29.743] 2025 Aug  6 08:07:16 prplOS obuspa[5897]: tw_ulib_diags_lookup_host(host=controller.cdroutertest.com, acs_family_pref=Any): getaddrinfo() failed: Temporary failure in name resolution
[2025-08-09 08:35:29.744] 2025 Aug  6 08:07:16 prplOS obuspa[5897]: ERROR: STOMP failed whilst attempting to connect to (host=controller.cdroutertest.com, port=61613)
[2025-08-09 08:35:29.745] 2025 Aug  6 08:07:16 prplOS obuspa[5897]: Error on STOMP connection to (host controller.cdroutertest.com, port 61613). Closing connection.
[2025-08-09 08:35:32.742] 2025 Aug  6 08:07:18 prplOS tr181-dhcpv4client: mod-dhc - [!][eth0] Broadcast DISCOVER. - (dhcp_packet_send@dhcp_packet.c:641)
[2025-08-09 08:35:41.744] 2025 Aug  6 08:07:28 prplOS obuspa[5897]: tw_ulib_diags_lookup_host(host=controller.cdroutertest.com, acs_family_pref=Any): getaddrinfo() failed: Temporary failure in name resolution
[2025-08-09 08:35:41.745] 2025 Aug  6 08:07:28 prplOS obuspa[5897]: ERROR: STOMP failed whilst attempting to connect to (host=controller.cdroutertest.com, port=61613)
[2025-08-09 08:35:41.746] 2025 Aug  6 08:07:28 prplOS obuspa[5897]: Error on STOMP connection to (host controller.cdroutertest.com, port 61613). Closing connection.
[2025-08-09 08:36:35.751] 2025 Aug  6 08:08:21 prplOS tr181-dhcpv4client: mod-dhc - [!][eth0] Broadcast DISCOVER. - (dhcp_packet_send@dhcp_packet.c:641)
[2025-08-09 08:36:35.752] 2025 Aug  6 08:08:22 prplOS obuspa[5897]: tw_ulib_diags_lookup_host(host=controller.cdroutertest.com, acs_family_pref=Any): getaddrinfo() failed: Temporary failure in name resolution
[2025-08-09 08:36:35.753] 2025 Aug  6 08:08:22 prplOS obuspa[5897]: ERROR: STOMP failed whilst attempting to connect to (host=controller.cdroutertest.com, port=61613)
[2025-08-09 08:36:35.754] 2025 Aug  6 08:08:22 prplOS obuspa[5897]: Error on STOMP connection to (host controller.cdroutertest.com, port 61613). Closing connection.
[2025-08-09 08:37:23.757] 2025 Aug  6 08:09:10 prplOS obuspa[5897]: tw_ulib_diags_lookup_host(host=controller.cdroutertest.com, acs_family_pref=Any): getaddrinfo() failed: Temporary failure in name resolution
[2025-08-09 08:37:23.758] 2025 Aug  6 08:09:10 prplOS obuspa[5897]: ERROR: STOMP failed whilst attempting to connect to (host=controller.cdroutertest.com, port=61613)
[2025-08-09 08:37:23.759] 2025 Aug  6 08:09:10 prplOS obuspa[5897]: Error on STOMP connection to (host controller.cdroutertest.com, port 61613). Closing connection.
[2025-08-09 08:37:30.758] 2025 Aug  6 08:09:17 prplOS obuspa[5897]: tw_ulib_diags_lookup_host(host=controller.cdroutertest.com, acs_family_pref=Any): getaddrinfo() failed: Temporary failure in name resolution
[2025-08-09 08:37:30.759] 2025 Aug  6 08:09:17 prplOS obuspa[5897]: ERROR: STOMP failed whilst attempting to connect to (host=controller.cdroutertest.com, port=61613)
[2025-08-09 08:37:30.760] 2025 Aug  6 08:09:17 prplOS obuspa[5897]: Error on STOMP connection to (host controller.cdroutertest.com, port 61613). Closing connection.
[2025-08-09 08:37:38.758] 2025 Aug  6 08:09:24 prplOS tr181-dhcpv4client: mod-dhc - [!][eth0] Broadcast DISCOVER. - (dhcp_packet_send@dhcp_packet.c:641)
[2025-08-09 08:38:06.762] 2025 Aug  6 08:09:53 prplOS obuspa[5897]: tw_ulib_diags_lookup_host(host=controller.cdroutertest.com, acs_family_pref=Any): getaddrinfo() failed: Temporary failure in name resolution
[2025-08-09 08:38:06.763] 2025 Aug  6 08:09:53 prplOS obuspa[5897]: ERROR: STOMP failed whilst attempting to connect to (host=controller.cdroutertest.com, port=61613)
[2025-08-09 08:38:06.765] 2025 Aug  6 08:09:53 prplOS obuspa[5897]: Error on STOMP connection to (host controller.cdroutertest.com, port 61613). Closing connection.
[2025-08-09 08:38:14.763] 2025 Aug  6 08:10:00 prplOS crond[5987]: USER root pid 11036 cmd /usr/sbin/logrotate /etc/logrotate.conf
[2025-08-09 08:38:26.765] 2025 Aug  6 08:10:12 prplOS obuspa[5897]: tw_ulib_diags_lookup_host(host=controller.cdroutertest.com, acs_family_pref=Any): getaddrinfo() failed: Temporary failure in name resolution
[2025-08-09 08:38:26.766] 2025 Aug  6 08:10:12 prplOS obuspa[5897]: ERROR: STOMP failed whilst attempting to connect to (host=controller.cdroutertest.com, port=61613)
[2025-08-09 08:38:26.767] 2025 Aug  6 08:10:12 prplOS obuspa[5897]: Error on STOMP connection to (host controller.cdroutertest.com, port 61613). Closing connection.
[2025-08-09 08:38:41.767] 2025 Aug  6 08:10:27 prplOS tr181-dhcpv4client: mod-dhc - [!][eth0] Broadcast DISCOVER. - (dhcp_packet_send@dhcp_packet.c:641)
[2025-08-09 08:38:47.767] 2025 Aug  6 08:10:33 prplOS obuspa[5897]: tw_ulib_diags_lookup_host(host=controller.cdroutertest.com, acs_family_pref=Any): getaddrinfo() failed: Temporary failure in name resolution
[2025-08-09 08:38:47.769] 2025 Aug  6 08:10:33 prplOS obuspa[5897]: ERROR: STOMP failed whilst attempting to connect to (host=controller.cdroutertest.com, port=61613)
[2025-08-09 08:38:47.769] 2025 Aug  6 08:10:33 prplOS obuspa[5897]: Error on STOMP connection to (host controller.cdroutertest.com, port 61613). Closing connection.
[2025-08-09 08:39:11.770] 2025 Aug  6 08:10:57 prplOS obuspa[5897]: tw_ulib_diags_lookup_host(host=controller.cdroutertest.com, acs_family_pref=Any): getaddrinfo() failed: Temporary failure in name resolution
[2025-08-09 08:39:11.771] 2025 Aug  6 08:10:57 prplOS obuspa[5897]: ERROR: STOMP failed whilst attempting to connect to (host=controller.cdroutertest.com, port=61613)
[2025-08-09 08:39:11.772] 2025 Aug  6 08:10:57 prplOS obuspa[5897]: Error on STOMP connection to (host controller.cdroutertest.com, port 61613). Closing connection.
[2025-08-09 08:39:31.773] 2025 Aug  6 08:11:17 prplOS obuspa[5897]: tw_ulib_diags_lookup_host(host=controller.cdroutertest.com, acs_family_pref=Any): getaddrinfo() failed: Temporary failure in name resolution
[2025-08-09 08:39:31.775] 2025 Aug  6 08:11:17 prplOS obuspa[5897]: ERROR: STOMP failed whilst attempting to connect to (host=controller.cdroutertest.com, port=61613)
[2025-08-09 08:39:31.776] 2025 Aug  6 08:11:17 prplOS obuspa[5897]: Error on STOMP connection to (host controller.cdroutertest.com, port 61613). Closing connection.
[2025-08-09 08:39:44.774] 2025 Aug  6 08:11:30 prplOS tr181-dhcpv4client: mod-dhc - [!][eth0] Broadcast DISCOVER. - (dhcp_packet_send@dhcp_packet.c:641)
[2025-08-09 08:40:16.778] 2025 Aug  6 08:12:02 prplOS obuspa[5897]: tw_ulib_diags_lookup_host(host=controller.cdroutertest.com, acs_family_pref=Any): getaddrinfo() failed: Temporary failure in name resolution
[2025-08-09 08:40:16.780] 2025 Aug  6 08:12:02 prplOS obuspa[5897]: ERROR: STOMP failed whilst attempting to connect to (host=controller.cdroutertest.com, port=61613)
[2025-08-09 08:40:16.780] 2025 Aug  6 08:12:02 prplOS obuspa[5897]: Error on STOMP connection to (host controller.cdroutertest.com, port 61613). Closing connection.
[2025-08-09 08:40:47.782] 2025 Aug  6 08:12:33 prplOS tr181-dhcpv4client: mod-dhc - [!][eth0] Broadcast DISCOVER. - (dhcp_packet_send@dhcp_packet.c:641)
[2025-08-09 08:41:13.786] 2025 Aug  6 08:12:59 prplOS obuspa[5897]: tw_ulib_diags_lookup_host(host=controller.cdroutertest.com, acs_family_pref=Any): getaddrinfo() failed: Temporary failure in name resolution
[2025-08-09 08:41:13.787] 2025 Aug  6 08:12:59 prplOS obuspa[5897]: ERROR: STOMP failed whilst attempting to connect to (host=controller.cdroutertest.com, port=61613)
[2025-08-09 08:41:13.788] 2025 Aug  6 08:12:59 prplOS obuspa[5897]: Error on STOMP connection to (host controller.cdroutertest.com, port 61613). Closing connection.
[2025-08-09 08:41:43.788] 2025 Aug  6 08:13:29 prplOS obuspa[5897]: tw_ulib_diags_lookup_host(host=controller.cdroutertest.com, acs_family_pref=Any): getaddrinfo() failed: Temporary failure in name resolution
[2025-08-09 08:41:43.789] 2025 Aug  6 08:13:29 prplOS obuspa[5897]: ERROR: STOMP failed whilst attempting to connect to (host=controller.cdroutertest.com, port=61613)
[2025-08-09 08:41:43.791] 2025 Aug  6 08:13:29 prplOS obuspa[5897]: Error on STOMP connection to (host controller.cdroutertest.com, port 61613). Closing connection.
[2025-08-09 08:41:50.790] 2025 Aug  6 08:13:36 prplOS tr181-dhcpv4client: mod-dhc - [!][eth0] Broadcast DISCOVER. - (dhcp_packet_send@dhcp_packet.c:641)
[2025-08-09 08:42:20.794] 2025 Aug  6 08:14:06 prplOS obuspa[5897]: tw_ulib_diags_lookup_host(host=controller.cdroutertest.com, acs_family_pref=Any): getaddrinfo() failed: Temporary failure in name resolution
[2025-08-09 08:42:20.795] 2025 Aug  6 08:14:06 prplOS obuspa[5897]: ERROR: STOMP failed whilst attempting to connect to (host=controller.cdroutertest.com, port=61613)
[2025-08-09 08:42:20.818] 2025 Aug  6 08:14:06 prplOS obuspa[5897]: Error on STOMP connection to (host controller.cdroutertest.com, port 61613). Closing connection.
[2025-08-09 08:42:53.799] 2025 Aug  6 08:14:39 prplOS tr181-dhcpv4client: mod-dhc - [!][eth0] Broadcast DISCOVER. - (dhcp_packet_send@dhcp_packet.c:641)
[2025-08-09 08:43:16.802] 2025 Aug  6 08:15:02 prplOS obuspa[5897]: tw_ulib_diags_lookup_host(host=controller.cdroutertest.com, acs_family_pref=Any): getaddrinfo() failed: Temporary failure in name resolution
[2025-08-09 08:43:16.804] 2025 Aug  6 08:15:02 prplOS obuspa[5897]: ERROR: STOMP failed whilst attempting to connect to (host=controller.cdroutertest.com, port=61613)
[2025-08-09 08:43:16.805] 2025 Aug  6 08:15:02 prplOS obuspa[5897]: Error on STOMP connection to (host controller.cdroutertest.com, port 61613). Closing connection.
[2025-08-09 08:43:56.807] 2025 Aug  6 08:15:42 prplOS tr181-dhcpv4client: mod-dhc - [!][eth0] Broadcast DISCOVER. - (dhcp_packet_send@dhcp_packet.c:641)
[2025-08-09 08:44:12.809] 2025 Aug  6 08:15:58 prplOS obuspa[5897]: tw_ulib_diags_lookup_host(host=controller.cdroutertest.com, acs_family_pref=Any): getaddrinfo() failed: Temporary failure in name resolution
[2025-08-09 08:44:12.811] 2025 Aug  6 08:15:58 prplOS obuspa[5897]: ERROR: STOMP failed whilst attempting to connect to (host=controller.cdroutertest.com, port=61613)
[2025-08-09 08:44:12.812] 2025 Aug  6 08:15:58 prplOS obuspa[5897]: Error on STOMP connection to (host controller.cdroutertest.com, port 61613). Closing connection.
[2025-08-09 08:44:57.815] 2025 Aug  6 08:16:43 prplOS obuspa[5897]: tw_ulib_diags_lookup_host(host=controller.cdroutertest.com, acs_family_pref=Any): getaddrinfo() failed: Temporary failure in name resolution
[2025-08-09 08:44:57.816] 2025 Aug  6 08:16:43 prplOS obuspa[5897]: ERROR: STOMP failed whilst attempting to connect to (host=controller.cdroutertest.com, port=61613)
[2025-08-09 08:44:57.817] 2025 Aug  6 08:16:43 prplOS obuspa[5897]: Error on STOMP connection to (host controller.cdroutertest.com, port 61613). Closing connection.
[2025-08-09 08:44:59.815] 2025 Aug  6 08:16:45 prplOS tr181-dhcpv4client: mod-dhc - [!][eth0] Broadcast DISCOVER. - (dhcp_packet_send@dhcp_packet.c:641)
[2025-08-09 08:45:01.815] 2025 Aug  6 08:16:47 prplOS obuspa[5897]: tw_ulib_diags_lookup_host(host=controller.cdroutertest.com, acs_family_pref=Any): getaddrinfo() failed: Temporary failure in name resolution
[2025-08-09 08:45:01.817] 2025 Aug  6 08:16:47 prplOS obuspa[5897]: ERROR: STOMP failed whilst attempting to connect to (host=controller.cdroutertest.com, port=61613)
[2025-08-09 08:45:01.818] 2025 Aug  6 08:16:47 prplOS obuspa[5897]: Error on STOMP connection to (host controller.cdroutertest.com, port 61613). Closing connection.
[2025-08-09 08:45:47.821] 2025 Aug  6 08:17:33 prplOS obuspa[5897]: tw_ulib_diags_lookup_host(host=controller.cdroutertest.com, acs_family_pref=Any): getaddrinfo() failed: Temporary failure in name resolution
[2025-08-09 08:45:47.822] 2025 Aug  6 08:17:33 prplOS obuspa[5897]: ERROR: STOMP failed whilst attempting to connect to (host=controller.cdroutertest.com, port=61613)
[2025-08-09 08:45:47.823] 2025 Aug  6 08:17:33 prplOS obuspa[5897]: Error on STOMP connection to (host controller.cdroutertest.com, port 61613). Closing connection.
[2025-08-09 08:46:02.822] 2025 Aug  6 08:17:48 prplOS tr181-dhcpv4client: mod-dhc - [!][eth0] Broadcast DISCOVER. - (dhcp_packet_send@dhcp_packet.c:641)
[2025-08-09 08:46:12.824] 2025 Aug  6 08:17:58 prplOS obuspa[5897]: tw_ulib_diags_lookup_host(host=controller.cdroutertest.com, acs_family_pref=Any): getaddrinfo() failed: Temporary failure in name resolution
[2025-08-09 08:46:12.825] 2025 Aug  6 08:17:58 prplOS obuspa[5897]: ERROR: STOMP failed whilst attempting to connect to (host=controller.cdroutertest.com, port=61613)
[2025-08-09 08:46:12.826] 2025 Aug  6 08:17:58 prplOS obuspa[5897]: Error on STOMP connection to (host controller.cdroutertest.com, port 61613). Closing connection.
[2025-08-09 08:46:15.824] 2025 Aug  6 08:18:01 prplOS netmodel-clients: netdev_ - [x]Instance NetDev.Link.[Name == 'eth2']. not found - (find_instance_of_netdev@mib_netdev.c:213)
[2025-08-09 08:46:15.826] 2025 Aug  6 08:18:01 prplOS netmodel-clients: mib     - [!]Mib[netdev_mib] NetModel.Intf.5. Sync object A not found, waiting... - (start_sync@mib.c:620)
[2025-08-09 08:46:15.827] 2025 Aug  6 08:18:01 prplOS netmodel-clients: netdev_ - [x]Instance NetDev.Link.[Name == 'eth3']. not found - (find_instance_of_netdev@mib_netdev.c:213)
[2025-08-09 08:46:15.828] 2025 Aug  6 08:18:01 prplOS netmodel-clients: mib     - [!]Mib[netdev_mib] NetModel.Intf.6. Sync object A not found, waiting... - (start_sync@mib.c:620)
[2025-08-09 08:46:15.829] 2025 Aug  6 08:18:02 prplOS netmodel-clients: netdev_ - [x]Instance NetDev.Link.[Name == 'eth4']. not found - (find_instance_of_netdev@mib_netdev.c:213)
[2025-08-09 08:46:15.830] 2025 Aug  6 08:18:02 prplOS netmodel-clients: mib     - [!]Mib[netdev_mib] NetModel.Intf.7. Sync object A not found, waiting... - (start_sync@mib.c:620)
[2025-08-09 08:46:22.825] 2025 Aug  6 08:18:08 prplOS netmodel-clients: netdev_ - [x]Instance NetDev.Link.[Name == 'pppoe-wan']. not found - (find_instance_of_netdev@mib_netdev.c:213)
[2025-08-09 08:46:22.827] 2025 Aug  6 08:18:08 prplOS netmodel-clients: mib     - [!]Mib[netdev_mib] NetModel.Intf.46. Sync object A not found, waiting... - (start_sync@mib.c:620)
[2025-08-09 08:46:24.825] 2025 Aug  6 08:18:10 prplOS netmodel-clients: netdev_ - [x]Instance NetDev.Link.[Name == 'dslite0']. not found - (find_instance_of_netdev@mib_netdev.c:213)
[2025-08-09 08:46:24.827] 2025 Aug  6 08:18:10 prplOS netmodel-clients: mib     - [!]Mib[netdev_mib] NetModel.Intf.47. Sync object A not found, waiting... - (start_sync@mib.c:620)
[2025-08-09 08:46:30.826] 2025 Aug  6 08:18:17 prplOS netmodel-clients: netdev_ - [!]Won't be able to change sync object_a[Device.WiFi.SSID.3.] - (create_netdev_subscription@mib_netdev.c:237)
[2025-08-09 08:46:30.828] 2025 Aug  6 08:18:17 prplOS netmodel-clients: mib     - [!]Mib[netdev_mib] failed subscr: O[] E[notification in ['dm:instance-added','dm:instance-removed']] - (start_sync@mib.c:603)
[2025-08-09 08:46:30.829] 2025 Aug  6 08:18:17 prplOS netmodel-clients: mib     - [!]Mib[netdev_mib] NetModel.Intf.51. Sync object A not found, waiting... - (start_sync@mib.c:620)
[2025-08-09 08:46:32.826] 2025 Aug  6 08:18:18 prplOS netmodel-clients: netdev_ - [!]Won't be able to change sync object_a[Device.WiFi.SSID.1.] - (create_netdev_subscription@mib_netdev.c:237)
[2025-08-09 08:46:32.828] 2025 Aug  6 08:18:18 prplOS netmodel-clients: mib     - [!]Mib[netdev_mib] failed subscr: O[] E[notification in ['dm:instance-added','dm:instance-removed']] - (start_sync@mib.c:603)
[2025-08-09 08:46:32.829] 2025 Aug  6 08:18:18 prplOS netmodel-clients: mib     - [!]Mib[netdev_mib] NetModel.Intf.60. Sync object A not found, waiting... - (start_sync@mib.c:620)
[2025-08-09 08:46:32.830] 2025 Aug  6 08:18:19 prplOS netmodel-clients: netdev_ - [!]Won't be able to change sync object_a[Device.WiFi.SSID.5.] - (create_netdev_subscription@mib_netdev.c:237)
[2025-08-09 08:46:32.831] 2025 Aug  6 08:18:19 prplOS netmodel-clients: mib     - [!]Mib[netdev_mib] failed subscr: O[] E[notification in ['dm:instance-added','dm:instance-removed']] - (start_sync@mib.c:603)
[2025-08-09 08:46:32.832] 2025 Aug  6 08:18:19 prplOS netmodel-clients: mib     - [!]Mib[netdev_mib] NetModel.Intf.62. Sync object A not found, waiting... - (start_sync@mib.c:620)
[2025-08-09 08:47:05.831] 2025 Aug  6 08:18:51 prplOS tr181-dhcpv4client: mod-dhc - [!][eth0] Broadcast DISCOVER. - (dhcp_packet_send@dhcp_packet.c:641)
[2025-08-09 08:47:06.830] 2025 Aug  6 08:18:52 prplOS obuspa[5897]: tw_ulib_diags_lookup_host(host=controller.cdroutertest.com, acs_family_pref=Any): getaddrinfo() failed: Temporary failure in name resolution
[2025-08-09 08:47:06.832] 2025 Aug  6 08:18:52 prplOS obuspa[5897]: ERROR: STOMP failed whilst attempting to connect to (host=controller.cdroutertest.com, port=61613)
[2025-08-09 08:47:06.832] 2025 Aug  6 08:18:52 prplOS obuspa[5897]: Error on STOMP connection to (host controller.cdroutertest.com, port 61613). Closing connection.
[2025-08-09 08:48:04.837] 2025 Aug  6 08:19:51 prplOS obuspa[5897]: tw_ulib_diags_lookup_host(host=controller.cdroutertest.com, acs_family_pref=Any): getaddrinfo() failed: Temporary failure in name resolution
[2025-08-09 08:48:04.839] 2025 Aug  6 08:19:51 prplOS obuspa[5897]: ERROR: STOMP failed whilst attempting to connect to (host=controller.cdroutertest.com, port=61613)
[2025-08-09 08:48:04.840] 2025 Aug  6 08:19:51 prplOS obuspa[5897]: Error on STOMP connection to (host controller.cdroutertest.com, port 61613). Closing connection.
[2025-08-09 08:48:08.838] 2025 Aug  6 08:19:54 prplOS tr181-dhcpv4client: mod-dhc - [!][eth0] Broadcast DISCOVER. - (dhcp_packet_send@dhcp_packet.c:641)
[2025-08-09 08:48:13.839] 2025 Aug  6 08:20:00 prplOS crond[5987]: USER root pid 11160 cmd /usr/sbin/logrotate /etc/logrotate.conf
[2025-08-09 08:48:38.842] 2025 Aug  6 08:20:25 prplOS obuspa[5897]: tw_ulib_diags_lookup_host(host=controller.cdroutertest.com, acs_family_pref=Any): getaddrinfo() failed: Temporary failure in name resolution
[2025-08-09 08:48:38.844] 2025 Aug  6 08:20:25 prplOS obuspa[5897]: ERROR: STOMP failed whilst attempting to connect to (host=controller.cdroutertest.com, port=61613)
[2025-08-09 08:48:38.845] 2025 Aug  6 08:20:25 prplOS obuspa[5897]: Error on STOMP connection to (host controller.cdroutertest.com, port 61613). Closing connection.
[2025-08-09 08:48:49.843] 2025 Aug  6 08:20:36 prplOS obuspa[5897]: tw_ulib_diags_lookup_host(host=controller.cdroutertest.com, acs_family_pref=Any): getaddrinfo() failed: Temporary failure in name resolution
[2025-08-09 08:48:49.845] 2025 Aug  6 08:20:36 prplOS obuspa[5897]: ERROR: STOMP failed whilst attempting to connect to (host=controller.cdroutertest.com, port=61613)
[2025-08-09 08:48:49.846] 2025 Aug  6 08:20:36 prplOS obuspa[5897]: Error on STOMP connection to (host controller.cdroutertest.com, port 61613). Closing connection.
[2025-08-09 08:49:11.846] 2025 Aug  6 08:20:57 prplOS tr181-dhcpv4client: mod-dhc - [!][eth0] Broadcast DISCOVER. - (dhcp_packet_send@dhcp_packet.c:641)
[2025-08-09 08:49:30.847] 2025 Aug  6 08:21:17 prplOS obuspa[5897]: tw_ulib_diags_lookup_host(host=controller.cdroutertest.com, acs_family_pref=Any): getaddrinfo() failed: Temporary failure in name resolution
[2025-08-09 08:49:30.848] 2025 Aug  6 08:21:17 prplOS obuspa[5897]: ERROR: STOMP failed whilst attempting to connect to (host=controller.cdroutertest.com, port=61613)
[2025-08-09 08:49:30.849] 2025 Aug  6 08:21:17 prplOS obuspa[5897]: Error on STOMP connection to (host controller.cdroutertest.com, port 61613). Closing connection.
[2025-08-09 08:50:15.032] 2025 Aug  6 08:22:00 prplOS tr181-dhcpv4client: mod-dhc - [!][eth0] Broadcast DISCOVER. - (dhcp_packet_send@dhcp_packet.c:641)
[2025-08-09 08:50:15.034] 2025 Aug  6 08:22:01 prplOS obuspa[5897]: tw_ulib_diags_lookup_host(host=controller.cdroutertest.com, acs_family_pref=Any): getaddrinfo() failed: Temporary failure in name resolution
[2025-08-09 08:50:15.034] 2025 Aug  6 08:22:01 prplOS obuspa[5897]: ERROR: STOMP failed whilst attempting to connect to (host=controller.cdroutertest.com, port=61613)
[2025-08-09 08:50:15.035] 2025 Aug  6 08:22:01 prplOS obuspa[5897]: Error on STOMP connection to (host controller.cdroutertest.com, port 61613). Closing connection.
[2025-08-09 08:50:17.049] 2025 Aug  6 08:22:03 prplOS obuspa[5897]: tw_ulib_diags_lookup_host(host=controller.cdroutertest.com, acs_family_pref=Any): getaddrinfo() failed: Temporary failure in name resolution
[2025-08-09 08:50:17.050] 2025 Aug  6 08:22:03 prplOS obuspa[5897]: ERROR: STOMP failed whilst attempting to connect to (host=controller.cdroutertest.com, port=61613)
[2025-08-09 08:50:17.051] 2025 Aug  6 08:22:03 prplOS obuspa[5897]: Error on STOMP connection to (host controller.cdroutertest.com, port 61613). Closing connection.
[2025-08-09 08:50:23.075] 2025 Aug  6 08:22:09 prplOS obuspa[5897]: tw_ulib_diags_lookup_host(host=controller.cdroutertest.com, acs_family_pref=Any): getaddrinfo() failed: Temporary failure in name resolution
[2025-08-09 08:50:23.077] 2025 Aug  6 08:22:09 prplOS obuspa[5897]: ERROR: STOMP failed whilst attempting to connect to (host=controller.cdroutertest.com, port=61613)
[2025-08-09 08:50:23.078] 2025 Aug  6 08:22:09 prplOS obuspa[5897]: Error on STOMP connection to (host controller.cdroutertest.com, port 61613). Closing connection.
[2025-08-09 08:50:52.105] 2025 Aug  6 08:22:38 prplOS obuspa[5897]: tw_ulib_diags_lookup_host(host=controller.cdroutertest.com, acs_family_pref=Any): getaddrinfo() failed: Temporary failure in name resolution
[2025-08-09 08:50:52.105] 2025 Aug  6 08:22:38 prplOS obuspa[5897]: ERROR: STOMP failed whilst attempting to connect to (host=controller.cdroutertest.com, port=61613)
[2025-08-09 08:50:52.107] 2025 Aug  6 08:22:38 prplOS obuspa[5897]: Error on STOMP connection to (host controller.cdroutertest.com, port 61613). Closing connection.
[2025-08-09 08:51:08.110] 2025 Aug  6 08:22:54 prplOS obuspa[5897]: tw_ulib_diags_lookup_host(host=controller.cdroutertest.com, acs_family_pref=Any): getaddrinfo() failed: Temporary failure in name resolution
[2025-08-09 08:51:08.111] 2025 Aug  6 08:22:54 prplOS obuspa[5897]: ERROR: STOMP failed whilst attempting to connect to (host=controller.cdroutertest.com, port=61613)
[2025-08-09 08:51:08.112] 2025 Aug  6 08:22:54 prplOS obuspa[5897]: Error on STOMP connection to (host controller.cdroutertest.com, port 61613). Closing connection.
[2025-08-09 08:51:18.112] 2025 Aug  6 08:23:03 prplOS tr181-dhcpv4client: mod-dhc - [!][eth0] Broadcast DISCOVER. - (dhcp_packet_send@dhcp_packet.c:641)
[2025-08-09 08:51:49.117] 2025 Aug  6 08:23:35 prplOS obuspa[5897]: tw_ulib_diags_lookup_host(host=controller.cdroutertest.com, acs_family_pref=Any): getaddrinfo() failed: Temporary failure in name resolution
[2025-08-09 08:51:49.118] 2025 Aug  6 08:23:35 prplOS obuspa[5897]: ERROR: STOMP failed whilst attempting to connect to (host=controller.cdroutertest.com, port=61613)
[2025-08-09 08:51:49.119] 2025 Aug  6 08:23:35 prplOS obuspa[5897]: Error on STOMP connection to (host controller.cdroutertest.com, port 61613). Closing connection.
[2025-08-09 08:52:21.119] 2025 Aug  6 08:24:06 prplOS tr181-dhcpv4client: mod-dhc - [!][eth0] Broadcast DISCOVER. - (dhcp_packet_send@dhcp_packet.c:641)
[2025-08-09 08:52:42.122] 2025 Aug  6 08:24:28 prplOS obuspa[5897]: tw_ulib_diags_lookup_host(host=controller.cdroutertest.com, acs_family_pref=Any): getaddrinfo() failed: Temporary failure in name resolution
[2025-08-09 08:52:42.124] 2025 Aug  6 08:24:28 prplOS obuspa[5897]: ERROR: STOMP failed whilst attempting to connect to (host=controller.cdroutertest.com, port=61613)
[2025-08-09 08:52:42.125] 2025 Aug  6 08:24:28 prplOS obuspa[5897]: Error on STOMP connection to (host controller.cdroutertest.com, port 61613). Closing connection.
[2025-08-09 08:53:07.126] 2025 Aug  6 08:24:53 prplOS obuspa[5897]: tw_ulib_diags_lookup_host(host=controller.cdroutertest.com, acs_family_pref=Any): getaddrinfo() failed: Temporary failure in name resolution
[2025-08-09 08:53:07.128] 2025 Aug  6 08:24:53 prplOS obuspa[5897]: ERROR: STOMP failed whilst attempting to connect to (host=controller.cdroutertest.com, port=61613)
[2025-08-09 08:53:07.129] 2025 Aug  6 08:24:53 prplOS obuspa[5897]: Error on STOMP connection to (host controller.cdroutertest.com, port 61613). Closing connection.
[2025-08-09 08:53:24.129] 2025 Aug  6 08:25:09 prplOS tr181-dhcpv4client: mod-dhc - [!][eth0] Broadcast DISCOVER. - (dhcp_packet_send@dhcp_packet.c:641)
[2025-08-09 08:53:28.129] 2025 Aug  6 08:25:14 prplOS obuspa[5897]: tw_ulib_diags_lookup_host(host=controller.cdroutertest.com, acs_family_pref=Any): getaddrinfo() failed: Temporary failure in name resolution
[2025-08-09 08:53:28.130] 2025 Aug  6 08:25:14 prplOS obuspa[5897]: ERROR: STOMP failed whilst attempting to connect to (host=controller.cdroutertest.com, port=61613)
[2025-08-09 08:53:28.131] 2025 Aug  6 08:25:14 prplOS obuspa[5897]: Error on STOMP connection to (host controller.cdroutertest.com, port 61613). Closing connection.
[2025-08-09 08:53:34.130] 2025 Aug  6 08:25:20 prplOS obuspa[5897]: tw_ulib_diags_lookup_host(host=controller.cdroutertest.com, acs_family_pref=Any): getaddrinfo() failed: Temporary failure in name resolution
[2025-08-09 08:53:34.131] 2025 Aug  6 08:25:20 prplOS obuspa[5897]: ERROR: STOMP failed whilst attempting to connect to (host=controller.cdroutertest.com, port=61613)
[2025-08-09 08:53:34.132] 2025 Aug  6 08:25:20 prplOS obuspa[5897]: Error on STOMP connection to (host controller.cdroutertest.com, port 61613). Closing connection.
[2025-08-09 08:53:53.134] 2025 Aug  6 08:25:39 prplOS obuspa[5897]: tw_ulib_diags_lookup_host(host=controller.cdroutertest.com, acs_family_pref=Any): getaddrinfo() failed: Temporary failure in name resolution
[2025-08-09 08:53:53.135] 2025 Aug  6 08:25:39 prplOS obuspa[5897]: ERROR: STOMP failed whilst attempting to connect to (host=controller.cdroutertest.com, port=61613)
[2025-08-09 08:53:53.137] 2025 Aug  6 08:25:39 prplOS obuspa[5897]: Error on STOMP connection to (host controller.cdroutertest.com, port 61613). Closing connection.
[2025-08-09 08:54:27.137] 2025 Aug  6 08:26:12 prplOS tr181-dhcpv4client: mod-dhc - [!][eth0] Broadcast DISCOVER. - (dhcp_packet_send@dhcp_packet.c:641)
[2025-08-09 08:54:38.139] 2025 Aug  6 08:26:23 prplOS obuspa[5897]: tw_ulib_diags_lookup_host(host=controller.cdroutertest.com, acs_family_pref=Any): getaddrinfo() failed: Temporary failure in name resolution
[2025-08-09 08:54:38.141] 2025 Aug  6 08:26:23 prplOS obuspa[5897]: ERROR: STOMP failed whilst attempting to connect to (host=controller.cdroutertest.com, port=61613)
[2025-08-09 08:54:38.142] 2025 Aug  6 08:26:23 prplOS obuspa[5897]: Error on STOMP connection to (host controller.cdroutertest.com, port 61613). Closing connection.
[2025-08-09 08:55:30.147] 2025 Aug  6 08:27:15 prplOS tr181-dhcpv4client: mod-dhc - [!][eth0] Broadcast DISCOVER. - (dhcp_packet_send@dhcp_packet.c:641)
[2025-08-09 08:55:34.147] 2025 Aug  6 08:27:19 prplOS obuspa[5897]: tw_ulib_diags_lookup_host(host=controller.cdroutertest.com, acs_family_pref=Any): getaddrinfo() failed: Temporary failure in name resolution
[2025-08-09 08:55:34.148] 2025 Aug  6 08:27:19 prplOS obuspa[5897]: ERROR: STOMP failed whilst attempting to connect to (host=controller.cdroutertest.com, port=61613)
[2025-08-09 08:55:34.149] 2025 Aug  6 08:27:19 prplOS obuspa[5897]: Error on STOMP connection to (host controller.cdroutertest.com, port 61613). Closing connection.
[2025-08-09 08:56:07.153] 2025 Aug  6 08:27:52 prplOS obuspa[5897]: tw_ulib_diags_lookup_host(host=controller.cdroutertest.com, acs_family_pref=Any): getaddrinfo() failed: Temporary failure in name resolution
[2025-08-09 08:56:07.154] 2025 Aug  6 08:27:52 prplOS obuspa[5897]: ERROR: STOMP failed whilst attempting to connect to (host=controller.cdroutertest.com, port=61613)
[2025-08-09 08:56:07.155] 2025 Aug  6 08:27:52 prplOS obuspa[5897]: Error on STOMP connection to (host controller.cdroutertest.com, port 61613). Closing connection.
[2025-08-09 08:56:32.157] 2025 Aug  6 08:28:17 prplOS obuspa[5897]: tw_ulib_diags_lookup_host(host=controller.cdroutertest.com, acs_family_pref=Any): getaddrinfo() failed: Temporary failure in name resolution
[2025-08-09 08:56:32.159] 2025 Aug  6 08:28:17 prplOS obuspa[5897]: ERROR: STOMP failed whilst attempting to connect to (host=controller.cdroutertest.com, port=61613)
[2025-08-09 08:56:32.159] 2025 Aug  6 08:28:17 prplOS obuspa[5897]: Error on STOMP connection to (host controller.cdroutertest.com, port 61613). Closing connection.
[2025-08-09 08:56:33.158] 2025 Aug  6 08:28:18 prplOS tr181-dhcpv4client: mod-dhc - [!][eth0] Broadcast DISCOVER. - (dhcp_packet_send@dhcp_packet.c:641)
[2025-08-09 08:57:10.163] 2025 Aug  6 08:28:55 prplOS obuspa[5897]: tw_ulib_diags_lookup_host(host=controller.cdroutertest.com, acs_family_pref=Any): getaddrinfo() failed: Temporary failure in name resolution
[2025-08-09 08:57:10.164] 2025 Aug  6 08:28:55 prplOS obuspa[5897]: ERROR: STOMP failed whilst attempting to connect to (host=controller.cdroutertest.com, port=61613)
[2025-08-09 08:57:10.166] 2025 Aug  6 08:28:55 prplOS obuspa[5897]: Error on STOMP connection to (host controller.cdroutertest.com, port 61613). Closing connection.
[2025-08-09 08:57:34.167] 2025 Aug  6 08:29:19 prplOS obuspa[5897]: tw_ulib_diags_lookup_host(host=controller.cdroutertest.com, acs_family_pref=Any): getaddrinfo() failed: Temporary failure in name resolution
[2025-08-09 08:57:34.169] 2025 Aug  6 08:29:19 prplOS obuspa[5897]: ERROR: STOMP failed whilst attempting to connect to (host=controller.cdroutertest.com, port=61613)
[2025-08-09 08:57:34.170] 2025 Aug  6 08:29:19 prplOS obuspa[5897]: Error on STOMP connection to (host controller.cdroutertest.com, port 61613). Closing connection.
[2025-08-09 08:57:36.168] 2025 Aug  6 08:29:21 prplOS tr181-dhcpv4client: mod-dhc - [!][eth0] Broadcast DISCOVER. - (dhcp_packet_send@dhcp_packet.c:641)
[2025-08-09 08:58:01.171] 2025 Aug  6 08:29:46 prplOS obuspa[5897]: tw_ulib_diags_lookup_host(host=controller.cdroutertest.com, acs_family_pref=Any): getaddrinfo() failed: Temporary failure in name resolution
[2025-08-09 08:58:01.172] 2025 Aug  6 08:29:46 prplOS obuspa[5897]: ERROR: STOMP failed whilst attempting to connect to (host=controller.cdroutertest.com, port=61613)
[2025-08-09 08:58:01.173] 2025 Aug  6 08:29:46 prplOS obuspa[5897]: Error on STOMP connection to (host controller.cdroutertest.com, port 61613). Closing connection.
[2025-08-09 08:58:14.174] 2025 Aug  6 08:30:00 prplOS crond[5987]: USER root pid 11288 cmd /usr/sbin/logrotate /etc/logrotate.conf
[2025-08-09 08:58:28.174] 2025 Aug  6 08:30:13 prplOS obuspa[5897]: tw_ulib_diags_lookup_host(host=controller.cdroutertest.com, acs_family_pref=Any): getaddrinfo() failed: Temporary failure in name resolution
[2025-08-09 08:58:28.175] 2025 Aug  6 08:30:13 prplOS obuspa[5897]: ERROR: STOMP failed whilst attempting to connect to (host=controller.cdroutertest.com, port=61613)
[2025-08-09 08:58:28.176] 2025 Aug  6 08:30:13 prplOS obuspa[5897]: Error on STOMP connection to (host controller.cdroutertest.com, port 61613). Closing connection.
[2025-08-09 08:58:39.174] 2025 Aug  6 08:30:24 prplOS tr181-dhcpv4client: mod-dhc - [!][eth0] Broadcast DISCOVER. - (dhcp_packet_send@dhcp_packet.c:641)
[2025-08-09 08:59:14.178] 2025 Aug  6 08:31:00 prplOS crond[5987]: ignoring file 'logrotate' (no such user)
[2025-08-09 08:59:21.178] 2025 Aug  6 08:31:06 prplOS obuspa[5897]: tw_ulib_diags_lookup_host(host=controller.cdroutertest.com, acs_family_pref=Any): getaddrinfo() failed: Temporary failure in name resolution
[2025-08-09 08:59:21.180] 2025 Aug  6 08:31:06 prplOS obuspa[5897]: ERROR: STOMP failed whilst attempting to connect to (host=controller.cdroutertest.com, port=61613)
[2025-08-09 08:59:21.181] 2025 Aug  6 08:31:06 prplOS obuspa[5897]: Error on STOMP connection to (host controller.cdroutertest.com, port 61613). Closing connection.
[2025-08-09 08:59:42.179] 2025 Aug  6 08:31:27 prplOS tr181-dhcpv4client: mod-dhc - [!][eth0] Broadcast DISCOVER. - (dhcp_packet_send@dhcp_packet.c:641)
[2025-08-09 09:00:03.182] 2025 Aug  6 08:31:48 prplOS obuspa[5897]: tw_ulib_diags_lookup_host(host=controller.cdroutertest.com, acs_family_pref=Any): getaddrinfo() failed: Temporary failure in name resolution
[2025-08-09 09:00:03.183] 2025 Aug  6 08:31:48 prplOS obuspa[5897]: ERROR: STOMP failed whilst attempting to connect to (host=controller.cdroutertest.com, port=61613)
[2025-08-09 09:00:03.184] 2025 Aug  6 08:31:48 prplOS obuspa[5897]: Error on STOMP connection to (host controller.cdroutertest.com, port 61613). Closing connection.
[2025-08-09 09:00:45.186] 2025 Aug  6 08:32:30 prplOS tr181-dhcpv4client: mod-dhc - [!][eth0] Broadcast DISCOVER. - (dhcp_packet_send@dhcp_packet.c:641)
[2025-08-09 09:00:59.188] 2025 Aug  6 08:32:44 prplOS obuspa[5897]: tw_ulib_diags_lookup_host(host=controller.cdroutertest.com, acs_family_pref=Any): getaddrinfo() failed: Temporary failure in name resolution
[2025-08-09 09:00:59.190] 2025 Aug  6 08:32:44 prplOS obuspa[5897]: ERROR: STOMP failed whilst attempting to connect to (host=controller.cdroutertest.com, port=61613)
[2025-08-09 09:00:59.191] 2025 Aug  6 08:32:44 prplOS obuspa[5897]: Error on STOMP connection to (host controller.cdroutertest.com, port 61613). Closing connection.
[2025-08-09 09:01:38.193] 2025 Aug  6 08:33:23 prplOS obuspa[5897]: tw_ulib_diags_lookup_host(host=controller.cdroutertest.com, acs_family_pref=Any): getaddrinfo() failed: Temporary failure in name resolution
[2025-08-09 09:01:38.194] 2025 Aug  6 08:33:23 prplOS obuspa[5897]: ERROR: STOMP failed whilst attempting to connect to (host=controller.cdroutertest.com, port=61613)
[2025-08-09 09:01:38.195] 2025 Aug  6 08:33:23 prplOS obuspa[5897]: Error on STOMP connection to (host controller.cdroutertest.com, port 61613). Closing connection.
[2025-08-09 09:01:48.194] 2025 Aug  6 08:33:33 prplOS tr181-dhcpv4client: mod-dhc - [!][eth0] Broadcast DISCOVER. - (dhcp_packet_send@dhcp_packet.c:641)
[2025-08-09 09:02:36.201] 2025 Aug  6 08:34:22 prplOS obuspa[5897]: tw_ulib_diags_lookup_host(host=controller.cdroutertest.com, acs_family_pref=Any): getaddrinfo() failed: Temporary failure in name resolution
[2025-08-09 09:02:36.202] 2025 Aug  6 08:34:22 prplOS obuspa[5897]: ERROR: STOMP failed whilst attempting to connect to (host=controller.cdroutertest.com, port=61613)
[2025-08-09 09:02:36.203] 2025 Aug  6 08:34:22 prplOS obuspa[5897]: Error on STOMP connection to (host controller.cdroutertest.com, port 61613). Closing connection.
[2025-08-09 09:02:45.202] 2025 Aug  6 08:34:31 prplOS obuspa[5897]: tw_ulib_diags_lookup_host(host=controller.cdroutertest.com, acs_family_pref=Any): getaddrinfo() failed: Temporary failure in name resolution
[2025-08-09 09:02:45.203] 2025 Aug  6 08:34:31 prplOS obuspa[5897]: ERROR: STOMP failed whilst attempting to connect to (host=controller.cdroutertest.com, port=61613)
[2025-08-09 09:02:45.204] 2025 Aug  6 08:34:31 prplOS obuspa[5897]: Error on STOMP connection to (host controller.cdroutertest.com, port 61613). Closing connection.
[2025-08-09 09:02:51.202] 2025 Aug  6 08:34:36 prplOS tr181-dhcpv4client: mod-dhc - [!][eth0] Broadcast DISCOVER. - (dhcp_packet_send@dhcp_packet.c:641)
[2025-08-09 09:03:41.209] 2025 Aug  6 08:35:27 prplOS obuspa[5897]: tw_ulib_diags_lookup_host(host=controller.cdroutertest.com, acs_family_pref=Any): getaddrinfo() failed: Temporary failure in name resolution
[2025-08-09 09:03:41.210] 2025 Aug  6 08:35:27 prplOS obuspa[5897]: ERROR: STOMP failed whilst attempting to connect to (host=controller.cdroutertest.com, port=61613)
[2025-08-09 09:03:41.211] 2025 Aug  6 08:35:27 prplOS obuspa[5897]: Error on STOMP connection to (host controller.cdroutertest.com, port 61613). Closing connection.
[2025-08-09 09:03:54.211] 2025 Aug  6 08:35:39 prplOS tr181-dhcpv4client: mod-dhc - [!][eth0] Broadcast DISCOVER. - (dhcp_packet_send@dhcp_packet.c:641)
[2025-08-09 09:04:40.218] 2025 Aug  6 08:36:26 prplOS obuspa[5897]: tw_ulib_diags_lookup_host(host=controller.cdroutertest.com, acs_family_pref=Any): getaddrinfo() failed: Temporary failure in name resolution
[2025-08-09 09:04:40.219] 2025 Aug  6 08:36:26 prplOS obuspa[5897]: ERROR: STOMP failed whilst attempting to connect to (host=controller.cdroutertest.com, port=61613)
[2025-08-09 09:04:40.220] 2025 Aug  6 08:36:26 prplOS obuspa[5897]: Error on STOMP connection to (host controller.cdroutertest.com, port 61613). Closing connection.
[2025-08-09 09:04:57.219] 2025 Aug  6 08:36:42 prplOS tr181-dhcpv4client: mod-dhc - [!][eth0] Broadcast DISCOVER. - (dhcp_packet_send@dhcp_packet.c:641)
[2025-08-09 09:05:14.222] 2025 Aug  6 08:37:00 prplOS obuspa[5897]: tw_ulib_diags_lookup_host(host=controller.cdroutertest.com, acs_family_pref=Any): getaddrinfo() failed: Temporary failure in name resolution
[2025-08-09 09:05:14.223] 2025 Aug  6 08:37:00 prplOS obuspa[5897]: ERROR: STOMP failed whilst attempting to connect to (host=controller.cdroutertest.com, port=61613)
[2025-08-09 09:05:14.224] 2025 Aug  6 08:37:00 prplOS obuspa[5897]: Error on STOMP connection to (host controller.cdroutertest.com, port 61613). Closing connection.
[2025-08-09 09:06:00.228] 2025 Aug  6 08:37:45 prplOS tr181-dhcpv4client: mod-dhc - [!][eth0] Broadcast DISCOVER. - (dhcp_packet_send@dhcp_packet.c:641)
[2025-08-09 09:06:01.228] 2025 Aug  6 08:37:47 prplOS obuspa[5897]: tw_ulib_diags_lookup_host(host=controller.cdroutertest.com, acs_family_pref=Any): getaddrinfo() failed: Temporary failure in name resolution
[2025-08-09 09:06:01.230] 2025 Aug  6 08:37:47 prplOS obuspa[5897]: ERROR: STOMP failed whilst attempting to connect to (host=controller.cdroutertest.com, port=61613)
[2025-08-09 09:06:01.231] 2025 Aug  6 08:37:47 prplOS obuspa[5897]: Error on STOMP connection to (host controller.cdroutertest.com, port 61613). Closing connection.
[2025-08-09 09:06:03.229] 2025 Aug  6 08:37:49 prplOS obuspa[5897]: tw_ulib_diags_lookup_host(host=controller.cdroutertest.com, acs_family_pref=Any): getaddrinfo() failed: Temporary failure in name resolution
[2025-08-09 09:06:03.230] 2025 Aug  6 08:37:49 prplOS obuspa[5897]: ERROR: STOMP failed whilst attempting to connect to (host=controller.cdroutertest.com, port=61613)
[2025-08-09 09:06:03.230] 2025 Aug  6 08:37:49 prplOS obuspa[5897]: Error on STOMP connection to (host controller.cdroutertest.com, port 61613). Closing connection.
[2025-08-09 09:06:53.236] 2025 Aug  6 08:38:39 prplOS obuspa[5897]: tw_ulib_diags_lookup_host(host=controller.cdroutertest.com, acs_family_pref=Any): getaddrinfo() failed: Temporary failure in name resolution
[2025-08-09 09:06:53.237] 2025 Aug  6 08:38:39 prplOS obuspa[5897]: ERROR: STOMP failed whilst attempting to connect to (host=controller.cdroutertest.com, port=61613)
[2025-08-09 09:06:53.237] 2025 Aug  6 08:38:39 prplOS obuspa[5897]: Error on STOMP connection to (host controller.cdroutertest.com, port 61613). Closing connection.
[2025-08-09 09:07:03.237] 2025 Aug  6 08:38:48 prplOS tr181-dhcpv4client: mod-dhc - [!][eth0] Broadcast DISCOVER. - (dhcp_packet_send@dhcp_packet.c:641)
[2025-08-09 09:07:45.242] 2025 Aug  6 08:39:31 prplOS obuspa[5897]: tw_ulib_diags_lookup_host(host=controller.cdroutertest.com, acs_family_pref=Any): getaddrinfo() failed: Temporary failure in name resolution
[2025-08-09 09:07:45.243] 2025 Aug  6 08:39:31 prplOS obuspa[5897]: ERROR: STOMP failed whilst attempting to connect to (host=controller.cdroutertest.com, port=61613)
[2025-08-09 09:07:45.244] 2025 Aug  6 08:39:31 prplOS obuspa[5897]: Error on STOMP connection to (host controller.cdroutertest.com, port 61613). Closing connection.
[2025-08-09 09:08:06.245] 2025 Aug  6 08:39:51 prplOS tr181-dhcpv4client: mod-dhc - [!][eth0] Broadcast DISCOVER. - (dhcp_packet_send@dhcp_packet.c:641)
[2025-08-09 09:08:14.246] 2025 Aug  6 08:40:00 prplOS crond[5987]: USER root pid 11415 cmd /usr/sbin/logrotate /etc/logrotate.conf
[2025-08-09 09:08:34.248] 2025 Aug  6 08:40:20 prplOS obuspa[5897]: tw_ulib_diags_lookup_host(host=controller.cdroutertest.com, acs_family_pref=Any): getaddrinfo() failed: Temporary failure in name resolution
[2025-08-09 09:08:34.250] 2025 Aug  6 08:40:20 prplOS obuspa[5897]: ERROR: STOMP failed whilst attempting to connect to (host=controller.cdroutertest.com, port=61613)
[2025-08-09 09:08:34.250] 2025 Aug  6 08:40:20 prplOS obuspa[5897]: Error on STOMP connection to (host controller.cdroutertest.com, port 61613). Closing connection.
[2025-08-09 09:08:57.251] 2025 Aug  6 08:40:43 prplOS obuspa[5897]: tw_ulib_diags_lookup_host(host=controller.cdroutertest.com, acs_family_pref=Any): getaddrinfo() failed: Temporary failure in name resolution
[2025-08-09 09:08:57.252] 2025 Aug  6 08:40:43 prplOS obuspa[5897]: ERROR: STOMP failed whilst attempting to connect to (host=controller.cdroutertest.com, port=61613)
[2025-08-09 09:08:57.253] 2025 Aug  6 08:40:43 prplOS obuspa[5897]: Error on STOMP connection to (host controller.cdroutertest.com, port 61613). Closing connection.
[2025-08-09 09:09:09.253] 2025 Aug  6 08:40:54 prplOS tr181-dhcpv4client: mod-dhc - [!][eth0] Broadcast DISCOVER. - (dhcp_packet_send@dhcp_packet.c:641)
[2025-08-09 09:09:24.255] 2025 Aug  6 08:41:10 prplOS obuspa[5897]: tw_ulib_diags_lookup_host(host=controller.cdroutertest.com, acs_family_pref=Any): getaddrinfo() failed: Temporary failure in name resolution
[2025-08-09 09:09:24.256] 2025 Aug  6 08:41:10 prplOS obuspa[5897]: ERROR: STOMP failed whilst attempting to connect to (host=controller.cdroutertest.com, port=61613)
[2025-08-09 09:09:24.257] 2025 Aug  6 08:41:10 prplOS obuspa[5897]: Error on STOMP connection to (host controller.cdroutertest.com, port 61613). Closing connection.
[2025-08-09 09:10:12.262] 2025 Aug  6 08:41:57 prplOS tr181-dhcpv4client: mod-dhc - [!][eth0] Broadcast DISCOVER. - (dhcp_packet_send@dhcp_packet.c:641)
[2025-08-09 09:10:23.263] 2025 Aug  6 08:42:09 prplOS obuspa[5897]: tw_ulib_diags_lookup_host(host=controller.cdroutertest.com, acs_family_pref=Any): getaddrinfo() failed: Temporary failure in name resolution
[2025-08-09 09:10:23.264] 2025 Aug  6 08:42:09 prplOS obuspa[5897]: ERROR: STOMP failed whilst attempting to connect to (host=controller.cdroutertest.com, port=61613)
[2025-08-09 09:10:23.265] 2025 Aug  6 08:42:09 prplOS obuspa[5897]: Error on STOMP connection to (host controller.cdroutertest.com, port 61613). Closing connection.
[2025-08-09 09:11:15.271] 2025 Aug  6 08:43:00 prplOS tr181-dhcpv4client: mod-dhc - [!][eth0] Broadcast DISCOVER. - (dhcp_packet_send@dhcp_packet.c:641)
[2025-08-09 09:11:22.271] 2025 Aug  6 08:43:07 prplOS obuspa[5897]: tw_ulib_diags_lookup_host(host=controller.cdroutertest.com, acs_family_pref=Any): getaddrinfo() failed: Temporary failure in name resolution
[2025-08-09 09:11:22.272] 2025 Aug  6 08:43:07 prplOS obuspa[5897]: ERROR: STOMP failed whilst attempting to connect to (host=controller.cdroutertest.com, port=61613)
[2025-08-09 09:11:22.273] 2025 Aug  6 08:43:07 prplOS obuspa[5897]: Error on STOMP connection to (host controller.cdroutertest.com, port 61613). Closing connection.
[2025-08-09 09:12:12.278] 2025 Aug  6 08:43:57 prplOS obuspa[5897]: tw_ulib_diags_lookup_host(host=controller.cdroutertest.com, acs_family_pref=Any): getaddrinfo() failed: Temporary failure in name resolution
[2025-08-09 09:12:12.279] 2025 Aug  6 08:43:57 prplOS obuspa[5897]: ERROR: STOMP failed whilst attempting to connect to (host=controller.cdroutertest.com, port=61613)
[2025-08-09 09:12:12.280] 2025 Aug  6 08:43:57 prplOS obuspa[5897]: Error on STOMP connection to (host controller.cdroutertest.com, port 61613). Closing connection.
[2025-08-09 09:12:18.280] 2025 Aug  6 08:44:03 prplOS tr181-dhcpv4client: mod-dhc - [!][eth0] Broadcast DISCOVER. - (dhcp_packet_send@dhcp_packet.c:641)
[2025-08-09 09:12:40.282] 2025 Aug  6 08:44:25 prplOS obuspa[5897]: tw_ulib_diags_lookup_host(host=controller.cdroutertest.com, acs_family_pref=Any): getaddrinfo() failed: Temporary failure in name resolution
[2025-08-09 09:12:40.283] 2025 Aug  6 08:44:25 prplOS obuspa[5897]: ERROR: STOMP failed whilst attempting to connect to (host=controller.cdroutertest.com, port=61613)
[2025-08-09 09:12:40.284] 2025 Aug  6 08:44:25 prplOS obuspa[5897]: Error on STOMP connection to (host controller.cdroutertest.com, port 61613). Closing connection.
[2025-08-09 09:12:44.284] 2025 Aug  6 08:44:29 prplOS obuspa[5897]: tw_ulib_diags_lookup_host(host=controller.cdroutertest.com, acs_family_pref=Any): getaddrinfo() failed: Temporary failure in name resolution
[2025-08-09 09:12:44.285] 2025 Aug  6 08:44:29 prplOS obuspa[5897]: ERROR: STOMP failed whilst attempting to connect to (host=controller.cdroutertest.com, port=61613)
[2025-08-09 09:12:44.286] 2025 Aug  6 08:44:29 prplOS obuspa[5897]: Error on STOMP connection to (host controller.cdroutertest.com, port 61613). Closing connection.
[2025-08-09 09:13:07.287] 2025 Aug  6 08:44:52 prplOS obuspa[5897]: tw_ulib_diags_lookup_host(host=controller.cdroutertest.com, acs_family_pref=Any): getaddrinfo() failed: Temporary failure in name resolution
[2025-08-09 09:13:07.288] 2025 Aug  6 08:44:52 prplOS obuspa[5897]: ERROR: STOMP failed whilst attempting to connect to (host=controller.cdroutertest.com, port=61613)
[2025-08-09 09:13:07.289] 2025 Aug  6 08:44:52 prplOS obuspa[5897]: Error on STOMP connection to (host controller.cdroutertest.com, port 61613). Closing connection.
[2025-08-09 09:13:21.289] 2025 Aug  6 08:45:06 prplOS tr181-dhcpv4client: mod-dhc - [!][eth0] Broadcast DISCOVER. - (dhcp_packet_send@dhcp_packet.c:641)
[2025-08-09 09:13:36.291] 2025 Aug  6 08:45:21 prplOS obuspa[5897]: tw_ulib_diags_lookup_host(host=controller.cdroutertest.com, acs_family_pref=Any): getaddrinfo() failed: Temporary failure in name resolution
[2025-08-09 09:13:36.292] 2025 Aug  6 08:45:21 prplOS obuspa[5897]: ERROR: STOMP failed whilst attempting to connect to (host=controller.cdroutertest.com, port=61613)
[2025-08-09 09:13:36.293] 2025 Aug  6 08:45:21 prplOS obuspa[5897]: Error on STOMP connection to (host controller.cdroutertest.com, port 61613). Closing connection.
[2025-08-09 09:13:46.293] 2025 Aug  6 08:45:31 prplOS obuspa[5897]: tw_ulib_diags_lookup_host(host=controller.cdroutertest.com, acs_family_pref=Any): getaddrinfo() failed: Temporary failure in name resolution
[2025-08-09 09:13:46.294] 2025 Aug  6 08:45:31 prplOS obuspa[5897]: ERROR: STOMP failed whilst attempting to connect to (host=controller.cdroutertest.com, port=61613)
[2025-08-09 09:13:46.295] 2025 Aug  6 08:45:31 prplOS obuspa[5897]: Error on STOMP connection to (host controller.cdroutertest.com, port 61613). Closing connection.
[2025-08-09 09:14:18.297] 2025 Aug  6 08:46:03 prplOS obuspa[5897]: tw_ulib_diags_lookup_host(host=controller.cdroutertest.com, acs_family_pref=Any): getaddrinfo() failed: Temporary failure in name resolution
[2025-08-09 09:14:18.299] 2025 Aug  6 08:46:03 prplOS obuspa[5897]: ERROR: STOMP failed whilst attempting to connect to (host=controller.cdroutertest.com, port=61613)
[2025-08-09 09:14:18.300] 2025 Aug  6 08:46:03 prplOS obuspa[5897]: Error on STOMP connection to (host controller.cdroutertest.com, port 61613). Closing connection.
[2025-08-09 09:14:24.298] 2025 Aug  6 08:46:09 prplOS tr181-dhcpv4client: mod-dhc - [!][eth0] Broadcast DISCOVER. - (dhcp_packet_send@dhcp_packet.c:641)
[2025-08-09 09:14:43.301] 2025 Aug  6 08:46:28 prplOS obuspa[5897]: tw_ulib_diags_lookup_host(host=controller.cdroutertest.com, acs_family_pref=Any): getaddrinfo() failed: Temporary failure in name resolution
[2025-08-09 09:14:43.302] 2025 Aug  6 08:46:28 prplOS obuspa[5897]: ERROR: STOMP failed whilst attempting to connect to (host=controller.cdroutertest.com, port=61613)
[2025-08-09 09:14:43.303] 2025 Aug  6 08:46:28 prplOS obuspa[5897]: Error on STOMP connection to (host controller.cdroutertest.com, port 61613). Closing connection.
[2025-08-09 09:15:23.306] 2025 Aug  6 08:47:08 prplOS obuspa[5897]: tw_ulib_diags_lookup_host(host=controller.cdroutertest.com, acs_family_pref=Any): getaddrinfo() failed: Temporary failure in name resolution
[2025-08-09 09:15:23.307] 2025 Aug  6 08:47:08 prplOS obuspa[5897]: ERROR: STOMP failed whilst attempting to connect to (host=controller.cdroutertest.com, port=61613)
[2025-08-09 09:15:23.308] 2025 Aug  6 08:47:08 prplOS obuspa[5897]: Error on STOMP connection to (host controller.cdroutertest.com, port 61613). Closing connection.
[2025-08-09 09:15:27.307] 2025 Aug  6 08:47:12 prplOS tr181-dhcpv4client: mod-dhc - [!][eth0] Broadcast DISCOVER. - (dhcp_packet_send@dhcp_packet.c:641)
[2025-08-09 09:16:17.314] 2025 Aug  6 08:48:02 prplOS obuspa[5897]: tw_ulib_diags_lookup_host(host=controller.cdroutertest.com, acs_family_pref=Any): getaddrinfo() failed: Temporary failure in name resolution
[2025-08-09 09:16:17.315] 2025 Aug  6 08:48:02 prplOS obuspa[5897]: ERROR: STOMP failed whilst attempting to connect to (host=controller.cdroutertest.com, port=61613)
[2025-08-09 09:16:17.316] 2025 Aug  6 08:48:02 prplOS obuspa[5897]: Error on STOMP connection to (host controller.cdroutertest.com, port 61613). Closing connection.
[2025-08-09 09:16:30.316] 2025 Aug  6 08:48:15 prplOS tr181-dhcpv4client: mod-dhc - [!][eth0] Broadcast DISCOVER. - (dhcp_packet_send@dhcp_packet.c:641)
[2025-08-09 09:16:48.318] 2025 Aug  6 08:48:34 prplOS obuspa[5897]: tw_ulib_diags_lookup_host(host=controller.cdroutertest.com, acs_family_pref=Any): getaddrinfo() failed: Temporary failure in name resolution
[2025-08-09 09:16:48.319] 2025 Aug  6 08:48:34 prplOS obuspa[5897]: ERROR: STOMP failed whilst attempting to connect to (host=controller.cdroutertest.com, port=61613)
[2025-08-09 09:16:48.321] 2025 Aug  6 08:48:34 prplOS obuspa[5897]: Error on STOMP connection to (host controller.cdroutertest.com, port 61613). Closing connection.
[2025-08-09 09:16:49.319] 2025 Aug  6 08:48:35 prplOS obuspa[5897]: tw_ulib_diags_lookup_host(host=controller.cdroutertest.com, acs_family_pref=Any): getaddrinfo() failed: Temporary failure in name resolution
[2025-08-09 09:16:49.328] 2025 Aug  6 08:48:35 prplOS obuspa[5897]: ERROR: STOMP failed whilst attempting to connect to (host=controller.cdroutertest.com, port=61613)
[2025-08-09 09:16:49.329] 2025 Aug  6 08:48:35 prplOS obuspa[5897]: Error on STOMP connection to (host controller.cdroutertest.com, port 61613). Closing connection.
[2025-08-09 09:17:14.322] 2025 Aug  6 08:49:00 prplOS obuspa[5897]: tw_ulib_diags_lookup_host(host=controller.cdroutertest.com, acs_family_pref=Any): getaddrinfo() failed: Temporary failure in name resolution
[2025-08-09 09:17:14.324] 2025 Aug  6 08:49:00 prplOS obuspa[5897]: ERROR: STOMP failed whilst attempting to connect to (host=controller.cdroutertest.com, port=61613)
[2025-08-09 09:17:14.325] 2025 Aug  6 08:49:00 prplOS obuspa[5897]: Error on STOMP connection to (host controller.cdroutertest.com, port 61613). Closing connection.
[2025-08-09 09:17:33.325] 2025 Aug  6 08:49:18 prplOS tr181-dhcpv4client: mod-dhc - [!][eth0] Broadcast DISCOVER. - (dhcp_packet_send@dhcp_packet.c:641)
[2025-08-09 09:18:01.329] 2025 Aug  6 08:49:47 prplOS obuspa[5897]: tw_ulib_diags_lookup_host(host=controller.cdroutertest.com, acs_family_pref=Any): getaddrinfo() failed: Temporary failure in name resolution
[2025-08-09 09:18:01.330] 2025 Aug  6 08:49:47 prplOS obuspa[5897]: ERROR: STOMP failed whilst attempting to connect to (host=controller.cdroutertest.com, port=61613)
[2025-08-09 09:18:01.331] 2025 Aug  6 08:49:47 prplOS obuspa[5897]: Error on STOMP connection to (host controller.cdroutertest.com, port 61613). Closing connection.
[2025-08-09 09:18:14.331] 2025 Aug  6 08:50:00 prplOS crond[5987]: USER root pid 11542 cmd /usr/sbin/logrotate /etc/logrotate.conf
[2025-08-09 09:18:34.334] 2025 Aug  6 08:50:20 prplOS obuspa[5897]: tw_ulib_diags_lookup_host(host=controller.cdroutertest.com, acs_family_pref=Any): getaddrinfo() failed: Temporary failure in name resolution
[2025-08-09 09:18:34.335] 2025 Aug  6 08:50:20 prplOS obuspa[5897]: ERROR: STOMP failed whilst attempting to connect to (host=controller.cdroutertest.com, port=61613)
[2025-08-09 09:18:34.336] 2025 Aug  6 08:50:20 prplOS obuspa[5897]: Error on STOMP connection to (host controller.cdroutertest.com, port 61613). Closing connection.
[2025-08-09 09:18:36.334] 2025 Aug  6 08:50:21 prplOS tr181-dhcpv4client: mod-dhc - [!][eth0] Broadcast DISCOVER. - (dhcp_packet_send@dhcp_packet.c:641)
[2025-08-09 09:19:17.340] 2025 Aug  6 08:51:03 prplOS obuspa[5897]: tw_ulib_diags_lookup_host(host=controller.cdroutertest.com, acs_family_pref=Any): getaddrinfo() failed: Temporary failure in name resolution
[2025-08-09 09:19:17.341] 2025 Aug  6 08:51:03 prplOS obuspa[5897]: ERROR: STOMP failed whilst attempting to connect to (host=controller.cdroutertest.com, port=61613)
[2025-08-09 09:19:17.342] 2025 Aug  6 08:51:03 prplOS obuspa[5897]: Error on STOMP connection to (host controller.cdroutertest.com, port 61613). Closing connection.
[2025-08-09 09:19:38.343] 2025 Aug  6 08:51:24 prplOS obuspa[5897]: tw_ulib_diags_lookup_host(host=controller.cdroutertest.com, acs_family_pref=Any): getaddrinfo() failed: Temporary failure in name resolution
[2025-08-09 09:19:38.344] 2025 Aug  6 08:51:24 prplOS obuspa[5897]: ERROR: STOMP failed whilst attempting to connect to (host=controller.cdroutertest.com, port=61613)
[2025-08-09 09:19:38.345] 2025 Aug  6 08:51:24 prplOS obuspa[5897]: Error on STOMP connection to (host controller.cdroutertest.com, port 61613). Closing connection.
[2025-08-09 09:19:39.343] 2025 Aug  6 08:51:24 prplOS tr181-dhcpv4client: mod-dhc - [!][eth0] Broadcast DISCOVER. - (dhcp_packet_send@dhcp_packet.c:641)
[2025-08-09 09:19:59.346] 2025 Aug  6 08:51:45 prplOS obuspa[5897]: tw_ulib_diags_lookup_host(host=controller.cdroutertest.com, acs_family_pref=Any): getaddrinfo() failed: Temporary failure in name resolution
[2025-08-09 09:19:59.347] 2025 Aug  6 08:51:45 prplOS obuspa[5897]: ERROR: STOMP failed whilst attempting to connect to (host=controller.cdroutertest.com, port=61613)
[2025-08-09 09:19:59.348] 2025 Aug  6 08:51:45 prplOS obuspa[5897]: Error on STOMP connection to (host controller.cdroutertest.com, port 61613). Closing connection.
[2025-08-09 09:20:25.350] 2025 Aug  6 08:52:11 prplOS obuspa[5897]: tw_ulib_diags_lookup_host(host=controller.cdroutertest.com, acs_family_pref=Any): getaddrinfo() failed: Temporary failure in name resolution
[2025-08-09 09:20:25.351] 2025 Aug  6 08:52:11 prplOS obuspa[5897]: ERROR: STOMP failed whilst attempting to connect to (host=controller.cdroutertest.com, port=61613)
[2025-08-09 09:20:25.352] 2025 Aug  6 08:52:11 prplOS obuspa[5897]: Error on STOMP connection to (host controller.cdroutertest.com, port 61613). Closing connection.
[2025-08-09 09:20:42.352] 2025 Aug  6 08:52:27 prplOS tr181-dhcpv4client: mod-dhc - [!][eth0] Broadcast DISCOVER. - (dhcp_packet_send@dhcp_packet.c:641)
[2025-08-09 09:20:51.353] 2025 Aug  6 08:52:37 prplOS obuspa[5897]: tw_ulib_diags_lookup_host(host=controller.cdroutertest.com, acs_family_pref=Any): getaddrinfo() failed: Temporary failure in name resolution
[2025-08-09 09:20:51.355] 2025 Aug  6 08:52:37 prplOS obuspa[5897]: ERROR: STOMP failed whilst attempting to connect to (host=controller.cdroutertest.com, port=61613)
[2025-08-09 09:20:51.356] 2025 Aug  6 08:52:37 prplOS obuspa[5897]: Error on STOMP connection to (host controller.cdroutertest.com, port 61613). Closing connection.
[2025-08-09 09:21:45.361] 2025 Aug  6 08:53:30 prplOS tr181-dhcpv4client: mod-dhc - [!][eth0] Broadcast DISCOVER. - (dhcp_packet_send@dhcp_packet.c:641)
[2025-08-09 09:21:48.361] 2025 Aug  6 08:53:34 prplOS obuspa[5897]: tw_ulib_diags_lookup_host(host=controller.cdroutertest.com, acs_family_pref=Any): getaddrinfo() failed: Temporary failure in name resolution
[2025-08-09 09:21:48.362] 2025 Aug  6 08:53:34 prplOS obuspa[5897]: ERROR: STOMP failed whilst attempting to connect to (host=controller.cdroutertest.com, port=61613)
[2025-08-09 09:21:48.363] 2025 Aug  6 08:53:34 prplOS obuspa[5897]: Error on STOMP connection to (host controller.cdroutertest.com, port 61613). Closing connection.
[2025-08-09 09:22:20.366] 2025 Aug  6 08:54:06 prplOS obuspa[5897]: tw_ulib_diags_lookup_host(host=controller.cdroutertest.com, acs_family_pref=Any): getaddrinfo() failed: Temporary failure in name resolution
[2025-08-09 09:22:20.368] 2025 Aug  6 08:54:06 prplOS obuspa[5897]: ERROR: STOMP failed whilst attempting to connect to (host=controller.cdroutertest.com, port=61613)
[2025-08-09 09:22:20.368] 2025 Aug  6 08:54:06 prplOS obuspa[5897]: Error on STOMP connection to (host controller.cdroutertest.com, port 61613). Closing connection.
[2025-08-09 09:22:48.370] 2025 Aug  6 08:54:33 prplOS tr181-dhcpv4client: mod-dhc - [!][eth0] Broadcast DISCOVER. - (dhcp_packet_send@dhcp_packet.c:641)
[2025-08-09 09:23:09.373] 2025 Aug  6 08:54:55 prplOS obuspa[5897]: tw_ulib_diags_lookup_host(host=controller.cdroutertest.com, acs_family_pref=Any): getaddrinfo() failed: Temporary failure in name resolution
[2025-08-09 09:23:09.374] 2025 Aug  6 08:54:55 prplOS obuspa[5897]: ERROR: STOMP failed whilst attempting to connect to (host=controller.cdroutertest.com, port=61613)
[2025-08-09 09:23:09.375] 2025 Aug  6 08:54:55 prplOS obuspa[5897]: Error on STOMP connection to (host controller.cdroutertest.com, port 61613). Closing connection.
[2025-08-09 09:23:18.374] 2025 Aug  6 08:55:04 prplOS ssh_server: [USER][SYSTEM] - [!][Authentication][SSH][SUCCESS] User='root'
[2025-08-09 09:23:18.375] 2025 Aug  6 08:55:04 prplOS TEST: WebUI testing framework initialized
[2025-08-09 09:23:19.373] 2025 Aug  6 08:55:05 prplOS ssh_server: [USER][SYSTEM] - [!][Authentication][SSH][SUCCESS] User='root'
[2025-08-09 09:23:20.374] 2025 Aug  6 08:55:05 prplOS ssh_server: [USER][SYSTEM] - [!][Authentication][SSH][SUCCESS] User='root'
[2025-08-09 09:23:51.379] 2025 Aug  6 08:55:36 prplOS tr181-dhcpv4client: mod-dhc - [!][eth0] Broadcast DISCOVER. - (dhcp_packet_send@dhcp_packet.c:641)
[2025-08-09 09:23:53.379] 2025 Aug  6 08:55:39 prplOS obuspa[5897]: tw_ulib_diags_lookup_host(host=controller.cdroutertest.com, acs_family_pref=Any): getaddrinfo() failed: Temporary failure in name resolution
[2025-08-09 09:23:53.380] 2025 Aug  6 08:55:39 prplOS obuspa[5897]: ERROR: STOMP failed whilst attempting to connect to (host=controller.cdroutertest.com, port=61613)
[2025-08-09 09:23:53.381] 2025 Aug  6 08:55:39 prplOS obuspa[5897]: Error on STOMP connection to (host controller.cdroutertest.com, port 61613). Closing connection.
[2025-08-09 09:24:26.382] 2025 Aug  6 08:56:12 prplOS obuspa[5897]: tw_ulib_diags_lookup_host(host=controller.cdroutertest.com, acs_family_pref=Any): getaddrinfo() failed: Temporary failure in name resolution
[2025-08-09 09:24:26.383] 2025 Aug  6 08:56:12 prplOS obuspa[5897]: ERROR: STOMP failed whilst attempting to connect to (host=controller.cdroutertest.com, port=61613)
[2025-08-09 09:24:26.384] 2025 Aug  6 08:56:12 prplOS obuspa[5897]: Error on STOMP connection to (host controller.cdroutertest.com, port 61613). Closing connection.
[2025-08-09 09:24:29.383] 2025 Aug  6 08:56:15 prplOS obuspa[5897]: tw_ulib_diags_lookup_host(host=controller.cdroutertest.com, acs_family_pref=Any): getaddrinfo() failed: Temporary failure in name resolution
[2025-08-09 09:24:29.385] 2025 Aug  6 08:56:15 prplOS obuspa[5897]: ERROR: STOMP failed whilst attempting to connect to (host=controller.cdroutertest.com, port=61613)
[2025-08-09 09:24:29.386] 2025 Aug  6 08:56:15 prplOS obuspa[5897]: Error on STOMP connection to (host controller.cdroutertest.com, port 61613). Closing connection.
[2025-08-09 09:24:54.386] 2025 Aug  6 08:56:39 prplOS tr181-dhcpv4client: mod-dhc - [!][eth0] Broadcast DISCOVER. - (dhcp_packet_send@dhcp_packet.c:641)
[2025-08-09 09:25:21.389] 2025 Aug  6 08:57:07 prplOS obuspa[5897]: tw_ulib_diags_lookup_host(host=controller.cdroutertest.com, acs_family_pref=Any): getaddrinfo() failed: Temporary failure in name resolution
[2025-08-09 09:25:21.390] 2025 Aug  6 08:57:07 prplOS obuspa[5897]: ERROR: STOMP failed whilst attempting to connect to (host=controller.cdroutertest.com, port=61613)
[2025-08-09 09:25:21.390] 2025 Aug  6 08:57:07 prplOS obuspa[5897]: Error on STOMP connection to (host controller.cdroutertest.com, port 61613). Closing connection.
[2025-08-09 09:25:30.389] 2025 Aug  6 08:57:16 prplOS obuspa[5897]: tw_ulib_diags_lookup_host(host=controller.cdroutertest.com, acs_family_pref=Any): getaddrinfo() failed: Temporary failure in name resolution
[2025-08-09 09:25:30.391] 2025 Aug  6 08:57:16 prplOS obuspa[5897]: ERROR: STOMP failed whilst attempting to connect to (host=controller.cdroutertest.com, port=61613)
[2025-08-09 09:25:30.391] 2025 Aug  6 08:57:16 prplOS obuspa[5897]: Error on STOMP connection to (host controller.cdroutertest.com, port 61613). Closing connection.
[2025-08-09 09:25:57.393] 2025 Aug  6 08:57:42 prplOS tr181-dhcpv4client: mod-dhc - [!][eth0] Broadcast DISCOVER. - (dhcp_packet_send@dhcp_packet.c:641)
[2025-08-09 09:26:11.394] 2025 Aug  6 08:57:57 prplOS obuspa[5897]: tw_ulib_diags_lookup_host(host=controller.cdroutertest.com, acs_family_pref=Any): getaddrinfo() failed: Temporary failure in name resolution
[2025-08-09 09:26:11.394] 2025 Aug  6 08:57:57 prplOS obuspa[5897]: ERROR: STOMP failed whilst attempting to connect to (host=controller.cdroutertest.com, port=61613)
[2025-08-09 09:26:11.395] 2025 Aug  6 08:57:57 prplOS obuspa[5897]: Error on STOMP connection to (host controller.cdroutertest.com, port 61613). Closing connection.
[2025-08-09 09:26:51.398] 2025 Aug  6 08:58:36 prplOS obuspa[5897]: tw_ulib_diags_lookup_host(host=controller.cdroutertest.com, acs_family_pref=Any): getaddrinfo() failed: Temporary failure in name resolution
[2025-08-09 09:26:51.399] 2025 Aug  6 08:58:36 prplOS obuspa[5897]: ERROR: STOMP failed whilst attempting to connect to (host=controller.cdroutertest.com, port=61613)
[2025-08-09 09:26:51.400] 2025 Aug  6 08:58:36 prplOS obuspa[5897]: Error on STOMP connection to (host controller.cdroutertest.com, port 61613). Closing connection.
[2025-08-09 09:27:00.399] 2025 Aug  6 08:58:45 prplOS tr181-dhcpv4client: mod-dhc - [!][eth0] Broadcast DISCOVER. - (dhcp_packet_send@dhcp_packet.c:641)
[2025-08-09 09:27:22.403] 2025 Aug  6 08:59:07 prplOS obuspa[5897]: tw_ulib_diags_lookup_host(host=controller.cdroutertest.com, acs_family_pref=Any): getaddrinfo() failed: Temporary failure in name resolution
[2025-08-09 09:27:22.404] 2025 Aug  6 08:59:07 prplOS obuspa[5897]: ERROR: STOMP failed whilst attempting to connect to (host=controller.cdroutertest.com, port=61613)
[2025-08-09 09:27:22.405] 2025 Aug  6 08:59:07 prplOS obuspa[5897]: Error on STOMP connection to (host controller.cdroutertest.com, port 61613). Closing connection.
[2025-08-09 09:28:03.407] 2025 Aug  6 08:59:48 prplOS tr181-dhcpv4client: mod-dhc - [!][eth0] Broadcast DISCOVER. - (dhcp_packet_send@dhcp_packet.c:641)
[2025-08-09 09:28:14.408] 2025 Aug  6 09:00:00 prplOS crond[5987]: USER root pid 11689 cmd /usr/sbin/logrotate /etc/logrotate.conf
[2025-08-09 09:28:15.408] 2025 Aug  6 09:00:00 prplOS obuspa[5897]: tw_ulib_diags_lookup_host(host=controller.cdroutertest.com, acs_family_pref=Any): getaddrinfo() failed: Temporary failure in name resolution
[2025-08-09 09:28:15.409] 2025 Aug  6 09:00:00 prplOS obuspa[5897]: ERROR: STOMP failed whilst attempting to connect to (host=controller.cdroutertest.com, port=61613)
[2025-08-09 09:28:15.410] 2025 Aug  6 09:00:00 prplOS obuspa[5897]: Error on STOMP connection to (host controller.cdroutertest.com, port 61613). Closing connection.
[2025-08-09 09:28:41.412] 2025 Aug  6 09:00:26 prplOS obuspa[5897]: tw_ulib_diags_lookup_host(host=controller.cdroutertest.com, acs_family_pref=Any): getaddrinfo() failed: Temporary failure in name resolution
[2025-08-09 09:28:41.413] 2025 Aug  6 09:00:26 prplOS obuspa[5897]: ERROR: STOMP failed whilst attempting to connect to (host=controller.cdroutertest.com, port=61613)
[2025-08-09 09:28:41.414] 2025 Aug  6 09:00:26 prplOS obuspa[5897]: Error on STOMP connection to (host controller.cdroutertest.com, port 61613). Closing connection.
[2025-08-09 09:28:51.413] 2025 Aug  6 09:00:36 prplOS obuspa[5897]: tw_ulib_diags_lookup_host(host=controller.cdroutertest.com, acs_family_pref=Any): getaddrinfo() failed: Temporary failure in name resolution
[2025-08-09 09:28:51.414] 2025 Aug  6 09:00:36 prplOS obuspa[5897]: ERROR: STOMP failed whilst attempting to connect to (host=controller.cdroutertest.com, port=61613)
[2025-08-09 09:28:51.415] 2025 Aug  6 09:00:36 prplOS obuspa[5897]: Error on STOMP connection to (host controller.cdroutertest.com, port 61613). Closing connection.
[2025-08-09 09:28:56.413] 2025 Aug  6 09:00:41 prplOS netmodel-clients: netdev_ - [x]Instance NetDev.Link.[Name == 'eth2']. not found - (find_instance_of_netdev@mib_netdev.c:213)
[2025-08-09 09:28:56.414] 2025 Aug  6 09:00:41 prplOS netmodel-clients: mib     - [!]Mib[netdev_mib] NetModel.Intf.5. Sync object A not found, waiting... - (start_sync@mib.c:620)
[2025-08-09 09:28:56.415] 2025 Aug  6 09:00:41 prplOS netmodel-clients: netdev_ - [x]Instance NetDev.Link.[Name == 'eth3']. not found - (find_instance_of_netdev@mib_netdev.c:213)
[2025-08-09 09:28:56.416] 2025 Aug  6 09:00:41 prplOS netmodel-clients: mib     - [!]Mib[netdev_mib] NetModel.Intf.6. Sync object A not found, waiting... - (start_sync@mib.c:620)
[2025-08-09 09:28:56.417] 2025 Aug  6 09:00:42 prplOS netmodel-clients: netdev_ - [x]Instance NetDev.Link.[Name == 'eth4']. not found - (find_instance_of_netdev@mib_netdev.c:213)
[2025-08-09 09:28:56.418] 2025 Aug  6 09:00:42 prplOS netmodel-clients: mib     - [!]Mib[netdev_mib] NetModel.Intf.7. Sync object A not found, waiting... - (start_sync@mib.c:620)
[2025-08-09 09:29:02.415] 2025 Aug  6 09:00:48 prplOS netmodel-clients: netdev_ - [x]Instance NetDev.Link.[Name == 'pppoe-wan']. not found - (find_instance_of_netdev@mib_netdev.c:213)
[2025-08-09 09:29:02.416] 2025 Aug  6 09:00:48 prplOS netmodel-clients: mib     - [!]Mib[netdev_mib] NetModel.Intf.46. Sync object A not found, waiting... - (start_sync@mib.c:620)
[2025-08-09 09:29:05.414] 2025 Aug  6 09:00:50 prplOS netmodel-clients: netdev_ - [x]Instance NetDev.Link.[Name == 'dslite0']. not found - (find_instance_of_netdev@mib_netdev.c:213)
[2025-08-09 09:29:05.415] 2025 Aug  6 09:00:50 prplOS netmodel-clients: mib     - [!]Mib[netdev_mib] NetModel.Intf.47. Sync object A not found, waiting... - (start_sync@mib.c:620)
[2025-08-09 09:29:06.415] 2025 Aug  6 09:00:51 prplOS tr181-dhcpv4client: mod-dhc - [!][eth0] Broadcast DISCOVER. - (dhcp_packet_send@dhcp_packet.c:641)
[2025-08-09 09:29:11.416] 2025 Aug  6 09:00:57 prplOS netmodel-clients: netdev_ - [!]Won't be able to change sync object_a[Device.WiFi.SSID.3.] - (create_netdev_subscription@mib_netdev.c:237)
[2025-08-09 09:29:11.417] 2025 Aug  6 09:00:57 prplOS netmodel-clients: mib     - [!]Mib[netdev_mib] failed subscr: O[] E[notification in ['dm:instance-added','dm:instance-removed']] - (start_sync@mib.c:603)
[2025-08-09 09:29:11.418] 2025 Aug  6 09:00:57 prplOS netmodel-clients: mib     - [!]Mib[netdev_mib] NetModel.Intf.51. Sync object A not found, waiting... - (start_sync@mib.c:620)
[2025-08-09 09:29:12.416] 2025 Aug  6 09:00:58 prplOS netmodel-clients: netdev_ - [!]Won't be able to change sync object_a[Device.WiFi.SSID.1.] - (create_netdev_subscription@mib_netdev.c:237)
[2025-08-09 09:29:12.417] 2025 Aug  6 09:00:58 prplOS netmodel-clients: mib     - [!]Mib[netdev_mib] failed subscr: O[] E[notification in ['dm:instance-added','dm:instance-removed']] - (start_sync@mib.c:603)
[2025-08-09 09:29:12.418] 2025 Aug  6 09:00:58 prplOS netmodel-clients: mib     - [!]Mib[netdev_mib] NetModel.Intf.60. Sync object A not found, waiting... - (start_sync@mib.c:620)
[2025-08-09 09:29:13.416] 2025 Aug  6 09:00:59 prplOS netmodel-clients: netdev_ - [!]Won't be able to change sync object_a[Device.WiFi.SSID.5.] - (create_netdev_subscription@mib_netdev.c:237)
[2025-08-09 09:29:13.417] 2025 Aug  6 09:00:59 prplOS netmodel-clients: mib     - [!]Mib[netdev_mib] failed subscr: O[] E[notification in ['dm:instance-added','dm:instance-removed']] - (start_sync@mib.c:603)
[2025-08-09 09:29:13.418] 2025 Aug  6 09:00:59 prplOS netmodel-clients: mib     - [!]Mib[netdev_mib] NetModel.Intf.62. Sync object A not found, waiting... - (start_sync@mib.c:620)
[2025-08-09 09:29:37.419] 2025 Aug  6 09:01:22 prplOS obuspa[5897]: tw_ulib_diags_lookup_host(host=controller.cdroutertest.com, acs_family_pref=Any): getaddrinfo() failed: Temporary failure in name resolution
[2025-08-09 09:29:37.420] 2025 Aug  6 09:01:22 prplOS obuspa[5897]: ERROR: STOMP failed whilst attempting to connect to (host=controller.cdroutertest.com, port=61613)
[2025-08-09 09:29:37.421] 2025 Aug  6 09:01:22 prplOS obuspa[5897]: Error on STOMP connection to (host controller.cdroutertest.com, port 61613). Closing connection.
[2025-08-09 09:30:09.423] 2025 Aug  6 09:01:54 prplOS tr181-dhcpv4client: mod-dhc - [!][eth0] Broadcast DISCOVER. - (dhcp_packet_send@dhcp_packet.c:641)
[2025-08-09 09:30:31.426] 2025 Aug  6 09:02:16 prplOS obuspa[5897]: tw_ulib_diags_lookup_host(host=controller.cdroutertest.com, acs_family_pref=Any): getaddrinfo() failed: Temporary failure in name resolution
[2025-08-09 09:30:31.428] 2025 Aug  6 09:02:16 prplOS obuspa[5897]: ERROR: STOMP failed whilst attempting to connect to (host=controller.cdroutertest.com, port=61613)
[2025-08-09 09:30:31.429] 2025 Aug  6 09:02:16 prplOS obuspa[5897]: Error on STOMP connection to (host controller.cdroutertest.com, port 61613). Closing connection.
[2025-08-09 09:30:49.428] 2025 Aug  6 09:02:34 prplOS obuspa[5897]: tw_ulib_diags_lookup_host(host=controller.cdroutertest.com, acs_family_pref=Any): getaddrinfo() failed: Temporary failure in name resolution
[2025-08-09 09:30:49.429] 2025 Aug  6 09:02:34 prplOS obuspa[5897]: ERROR: STOMP failed whilst attempting to connect to (host=controller.cdroutertest.com, port=61613)
[2025-08-09 09:30:49.432] 2025 Aug  6 09:02:34 prplOS obuspa[5897]: Error on STOMP connection to (host controller.cdroutertest.com, port 61613). Closing connection.
[2025-08-09 09:30:50.428] 2025 Aug  6 09:02:35 prplOS obuspa[5897]: tw_ulib_diags_lookup_host(host=controller.cdroutertest.com, acs_family_pref=Any): getaddrinfo() failed: Temporary failure in name resolution
[2025-08-09 09:30:50.429] 2025 Aug  6 09:02:35 prplOS obuspa[5897]: ERROR: STOMP failed whilst attempting to connect to (host=controller.cdroutertest.com, port=61613)
[2025-08-09 09:30:50.430] 2025 Aug  6 09:02:35 prplOS obuspa[5897]: Error on STOMP connection to (host controller.cdroutertest.com, port 61613). Closing connection.
[2025-08-09 09:31:12.432] 2025 Aug  6 09:02:57 prplOS tr181-dhcpv4client: mod-dhc - [!][eth0] Broadcast DISCOVER. - (dhcp_packet_send@dhcp_packet.c:641)
[2025-08-09 09:31:41.435] 2025 Aug  6 09:03:27 prplOS obuspa[5897]: tw_ulib_diags_lookup_host(host=controller.cdroutertest.com, acs_family_pref=Any): getaddrinfo() failed: Temporary failure in name resolution
[2025-08-09 09:31:41.436] 2025 Aug  6 09:03:27 prplOS obuspa[5897]: ERROR: STOMP failed whilst attempting to connect to (host=controller.cdroutertest.com, port=61613)
[2025-08-09 09:31:41.437] 2025 Aug  6 09:03:27 prplOS obuspa[5897]: Error on STOMP connection to (host controller.cdroutertest.com, port 61613). Closing connection.
[2025-08-09 09:32:14.440] 2025 Aug  6 09:04:00 prplOS obuspa[5897]: tw_ulib_diags_lookup_host(host=controller.cdroutertest.com, acs_family_pref=Any): getaddrinfo() failed: Temporary failure in name resolution
[2025-08-09 09:32:14.441] 2025 Aug  6 09:04:00 prplOS obuspa[5897]: ERROR: STOMP failed whilst attempting to connect to (host=controller.cdroutertest.com, port=61613)
[2025-08-09 09:32:14.441] 2025 Aug  6 09:04:00 prplOS obuspa[5897]: Error on STOMP connection to (host controller.cdroutertest.com, port 61613). Closing connection.
[2025-08-09 09:32:15.440] 2025 Aug  6 09:04:00 prplOS tr181-dhcpv4client: mod-dhc - [!][eth0] Broadcast DISCOVER. - (dhcp_packet_send@dhcp_packet.c:641)
[2025-08-09 09:32:16.440] 2025 Aug  6 09:04:02 prplOS obuspa[5897]: tw_ulib_diags_lookup_host(host=controller.cdroutertest.com, acs_family_pref=Any): getaddrinfo() failed: Temporary failure in name resolution
[2025-08-09 09:32:16.441] 2025 Aug  6 09:04:02 prplOS obuspa[5897]: ERROR: STOMP failed whilst attempting to connect to (host=controller.cdroutertest.com, port=61613)
[2025-08-09 09:32:16.442] 2025 Aug  6 09:04:02 prplOS obuspa[5897]: Error on STOMP connection to (host controller.cdroutertest.com, port 61613). Closing connection.
[2025-08-09 09:33:15.448] 2025 Aug  6 09:05:01 prplOS obuspa[5897]: tw_ulib_diags_lookup_host(host=controller.cdroutertest.com, acs_family_pref=Any): getaddrinfo() failed: Temporary failure in name resolution
[2025-08-09 09:33:15.449] 2025 Aug  6 09:05:01 prplOS obuspa[5897]: ERROR: STOMP failed whilst attempting to connect to (host=controller.cdroutertest.com, port=61613)
[2025-08-09 09:33:15.450] 2025 Aug  6 09:05:01 prplOS obuspa[5897]: Error on STOMP connection to (host controller.cdroutertest.com, port 61613). Closing connection.
[2025-08-09 09:33:18.448] 2025 Aug  6 09:05:03 prplOS tr181-dhcpv4client: mod-dhc - [!][eth0] Broadcast DISCOVER. - (dhcp_packet_send@dhcp_packet.c:641)
[2025-08-09 09:34:02.455] 2025 Aug  6 09:05:48 prplOS obuspa[5897]: tw_ulib_diags_lookup_host(host=controller.cdroutertest.com, acs_family_pref=Any): getaddrinfo() failed: Temporary failure in name resolution
[2025-08-09 09:34:02.456] 2025 Aug  6 09:05:48 prplOS obuspa[5897]: ERROR: STOMP failed whilst attempting to connect to (host=controller.cdroutertest.com, port=61613)
[2025-08-09 09:34:02.478] 2025 Aug  6 09:05:48 prplOS obuspa[5897]: Error on STOMP connection to (host controller.cdroutertest.com, port 61613). Closing connection.
[2025-08-09 09:34:21.458] 2025 Aug  6 09:06:06 prplOS tr181-dhcpv4client: mod-dhc - [!][eth0] Broadcast DISCOVER. - (dhcp_packet_send@dhcp_packet.c:641)
[2025-08-09 09:34:32.459] 2025 Aug  6 09:06:18 prplOS obuspa[5897]: tw_ulib_diags_lookup_host(host=controller.cdroutertest.com, acs_family_pref=Any): getaddrinfo() failed: Temporary failure in name resolution
[2025-08-09 09:34:32.460] 2025 Aug  6 09:06:18 prplOS obuspa[5897]: ERROR: STOMP failed whilst attempting to connect to (host=controller.cdroutertest.com, port=61613)
[2025-08-09 09:34:32.461] 2025 Aug  6 09:06:18 prplOS obuspa[5897]: Error on STOMP connection to (host controller.cdroutertest.com, port 61613). Closing connection.
[2025-08-09 09:35:09.464] 2025 Aug  6 09:06:55 prplOS obuspa[5897]: tw_ulib_diags_lookup_host(host=controller.cdroutertest.com, acs_family_pref=Any): getaddrinfo() failed: Temporary failure in name resolution
[2025-08-09 09:35:09.465] 2025 Aug  6 09:06:55 prplOS obuspa[5897]: ERROR: STOMP failed whilst attempting to connect to (host=controller.cdroutertest.com, port=61613)
[2025-08-09 09:35:09.466] 2025 Aug  6 09:06:55 prplOS obuspa[5897]: Error on STOMP connection to (host controller.cdroutertest.com, port 61613). Closing connection.
[2025-08-09 09:35:24.466] 2025 Aug  6 09:07:09 prplOS tr181-dhcpv4client: mod-dhc - [!][eth0] Broadcast DISCOVER. - (dhcp_packet_send@dhcp_packet.c:641)
[2025-08-09 09:35:49.470] 2025 Aug  6 09:07:35 prplOS obuspa[5897]: tw_ulib_diags_lookup_host(host=controller.cdroutertest.com, acs_family_pref=Any): getaddrinfo() failed: Temporary failure in name resolution
[2025-08-09 09:35:49.471] 2025 Aug  6 09:07:35 prplOS obuspa[5897]: ERROR: STOMP failed whilst attempting to connect to (host=controller.cdroutertest.com, port=61613)
[2025-08-09 09:35:49.472] 2025 Aug  6 09:07:35 prplOS obuspa[5897]: Error on STOMP connection to (host controller.cdroutertest.com, port 61613). Closing connection.
[2025-08-09 09:36:27.475] 2025 Aug  6 09:08:12 prplOS tr181-dhcpv4client: mod-dhc - [!][eth0] Broadcast DISCOVER. - (dhcp_packet_send@dhcp_packet.c:641)
[2025-08-09 09:36:39.477] 2025 Aug  6 09:08:25 prplOS obuspa[5897]: tw_ulib_diags_lookup_host(host=controller.cdroutertest.com, acs_family_pref=Any): getaddrinfo() failed: Temporary failure in name resolution
[2025-08-09 09:36:39.477] 2025 Aug  6 09:08:25 prplOS obuspa[5897]: ERROR: STOMP failed whilst attempting to connect to (host=controller.cdroutertest.com, port=61613)
[2025-08-09 09:36:39.478] 2025 Aug  6 09:08:25 prplOS obuspa[5897]: Error on STOMP connection to (host controller.cdroutertest.com, port 61613). Closing connection.
[2025-08-09 09:36:43.477] 2025 Aug  6 09:08:29 prplOS obuspa[5897]: tw_ulib_diags_lookup_host(host=controller.cdroutertest.com, acs_family_pref=Any): getaddrinfo() failed: Temporary failure in name resolution
[2025-08-09 09:36:43.478] 2025 Aug  6 09:08:29 prplOS obuspa[5897]: ERROR: STOMP failed whilst attempting to connect to (host=controller.cdroutertest.com, port=61613)
[2025-08-09 09:36:43.478] 2025 Aug  6 09:08:29 prplOS obuspa[5897]: Error on STOMP connection to (host controller.cdroutertest.com, port 61613). Closing connection.
[2025-08-09 09:37:00.479] 2025 Aug  6 09:08:46 prplOS obuspa[5897]: tw_ulib_diags_lookup_host(host=controller.cdroutertest.com, acs_family_pref=Any): getaddrinfo() failed: Temporary failure in name resolution
[2025-08-09 09:37:00.480] 2025 Aug  6 09:08:46 prplOS obuspa[5897]: ERROR: STOMP failed whilst attempting to connect to (host=controller.cdroutertest.com, port=61613)
[2025-08-09 09:37:00.481] 2025 Aug  6 09:08:46 prplOS obuspa[5897]: Error on STOMP connection to (host controller.cdroutertest.com, port 61613). Closing connection.
[2025-08-09 09:37:30.484] 2025 Aug  6 09:09:15 prplOS tr181-dhcpv4client: mod-dhc - [!][eth0] Broadcast DISCOVER. - (dhcp_packet_send@dhcp_packet.c:641)
[2025-08-09 09:37:50.486] 2025 Aug  6 09:09:36 prplOS obuspa[5897]: tw_ulib_diags_lookup_host(host=controller.cdroutertest.com, acs_family_pref=Any): getaddrinfo() failed: Temporary failure in name resolution
[2025-08-09 09:37:50.487] 2025 Aug  6 09:09:36 prplOS obuspa[5897]: ERROR: STOMP failed whilst attempting to connect to (host=controller.cdroutertest.com, port=61613)
[2025-08-09 09:37:50.488] 2025 Aug  6 09:09:36 prplOS obuspa[5897]: Error on STOMP connection to (host controller.cdroutertest.com, port 61613). Closing connection.
[2025-08-09 09:38:14.490] 2025 Aug  6 09:10:00 prplOS crond[5987]: USER root pid 11819 cmd /usr/sbin/logrotate /etc/logrotate.conf
[2025-08-09 09:38:33.492] 2025 Aug  6 09:10:18 prplOS tr181-dhcpv4client: mod-dhc - [!][eth0] Broadcast DISCOVER. - (dhcp_packet_send@dhcp_packet.c:641)
[2025-08-09 09:38:38.493] 2025 Aug  6 09:10:24 prplOS obuspa[5897]: tw_ulib_diags_lookup_host(host=controller.cdroutertest.com, acs_family_pref=Any): getaddrinfo() failed: Temporary failure in name resolution
[2025-08-09 09:38:38.494] 2025 Aug  6 09:10:24 prplOS obuspa[5897]: ERROR: STOMP failed whilst attempting to connect to (host=controller.cdroutertest.com, port=61613)
[2025-08-09 09:38:38.494] 2025 Aug  6 09:10:24 prplOS obuspa[5897]: Error on STOMP connection to (host controller.cdroutertest.com, port 61613). Closing connection.
[2025-08-09 09:39:23.499] 2025 Aug  6 09:11:09 prplOS obuspa[5897]: tw_ulib_diags_lookup_host(host=controller.cdroutertest.com, acs_family_pref=Any): getaddrinfo() failed: Temporary failure in name resolution
[2025-08-09 09:39:23.500] 2025 Aug  6 09:11:09 prplOS obuspa[5897]: ERROR: STOMP failed whilst attempting to connect to (host=controller.cdroutertest.com, port=61613)
[2025-08-09 09:39:23.501] 2025 Aug  6 09:11:09 prplOS obuspa[5897]: Error on STOMP connection to (host controller.cdroutertest.com, port 61613). Closing connection.
[2025-08-09 09:39:36.501] 2025 Aug  6 09:11:21 prplOS tr181-dhcpv4client: mod-dhc - [!][eth0] Broadcast DISCOVER. - (dhcp_packet_send@dhcp_packet.c:641)
[2025-08-09 09:40:00.504] 2025 Aug  6 09:11:46 prplOS obuspa[5897]: tw_ulib_diags_lookup_host(host=controller.cdroutertest.com, acs_family_pref=Any): getaddrinfo() failed: Temporary failure in name resolution
[2025-08-09 09:40:00.505] 2025 Aug  6 09:11:46 prplOS obuspa[5897]: ERROR: STOMP failed whilst attempting to connect to (host=controller.cdroutertest.com, port=61613)
[2025-08-09 09:40:00.506] 2025 Aug  6 09:11:46 prplOS obuspa[5897]: Error on STOMP connection to (host controller.cdroutertest.com, port 61613). Closing connection.
[2025-08-09 09:40:39.510] 2025 Aug  6 09:12:24 prplOS tr181-dhcpv4client: mod-dhc - [!][eth0] Broadcast DISCOVER. - (dhcp_packet_send@dhcp_packet.c:641)
[2025-08-09 09:40:45.511] 2025 Aug  6 09:12:31 prplOS obuspa[5897]: tw_ulib_diags_lookup_host(host=controller.cdroutertest.com, acs_family_pref=Any): getaddrinfo() failed: Temporary failure in name resolution
[2025-08-09 09:40:45.512] 2025 Aug  6 09:12:31 prplOS obuspa[5897]: ERROR: STOMP failed whilst attempting to connect to (host=controller.cdroutertest.com, port=61613)
[2025-08-09 09:40:45.512] 2025 Aug  6 09:12:31 prplOS obuspa[5897]: Error on STOMP connection to (host controller.cdroutertest.com, port 61613). Closing connection.
[2025-08-09 09:41:28.516] 2025 Aug  6 09:13:14 prplOS obuspa[5897]: tw_ulib_diags_lookup_host(host=controller.cdroutertest.com, acs_family_pref=Any): getaddrinfo() failed: Temporary failure in name resolution
[2025-08-09 09:41:28.517] 2025 Aug  6 09:13:14 prplOS obuspa[5897]: ERROR: STOMP failed whilst attempting to connect to (host=controller.cdroutertest.com, port=61613)
[2025-08-09 09:41:28.518] 2025 Aug  6 09:13:14 prplOS obuspa[5897]: Error on STOMP connection to (host controller.cdroutertest.com, port 61613). Closing connection.
[2025-08-09 09:41:32.517] 2025 Aug  6 09:13:18 prplOS obuspa[5897]: tw_ulib_diags_lookup_host(host=controller.cdroutertest.com, acs_family_pref=Any): getaddrinfo() failed: Temporary failure in name resolution
[2025-08-09 09:41:32.518] 2025 Aug  6 09:13:18 prplOS obuspa[5897]: ERROR: STOMP failed whilst attempting to connect to (host=controller.cdroutertest.com, port=61613)
[2025-08-09 09:41:32.519] 2025 Aug  6 09:13:18 prplOS obuspa[5897]: Error on STOMP connection to (host controller.cdroutertest.com, port 61613). Closing connection.
[2025-08-09 09:41:42.518] 2025 Aug  6 09:13:27 prplOS tr181-dhcpv4client: mod-dhc - [!][eth0] Broadcast DISCOVER. - (dhcp_packet_send@dhcp_packet.c:641)
[2025-08-09 09:42:16.523] 2025 Aug  6 09:14:02 prplOS obuspa[5897]: tw_ulib_diags_lookup_host(host=controller.cdroutertest.com, acs_family_pref=Any): getaddrinfo() failed: Temporary failure in name resolution
[2025-08-09 09:42:16.524] 2025 Aug  6 09:14:02 prplOS obuspa[5897]: ERROR: STOMP failed whilst attempting to connect to (host=controller.cdroutertest.com, port=61613)
[2025-08-09 09:42:16.525] 2025 Aug  6 09:14:02 prplOS obuspa[5897]: Error on STOMP connection to (host controller.cdroutertest.com, port 61613). Closing connection.
[2025-08-09 09:42:26.524] 2025 Aug  6 09:14:12 prplOS obuspa[5897]: tw_ulib_diags_lookup_host(host=controller.cdroutertest.com, acs_family_pref=Any): getaddrinfo() failed: Temporary failure in name resolution
[2025-08-09 09:42:26.525] 2025 Aug  6 09:14:12 prplOS obuspa[5897]: ERROR: STOMP failed whilst attempting to connect to (host=controller.cdroutertest.com, port=61613)
[2025-08-09 09:42:26.526] 2025 Aug  6 09:14:12 prplOS obuspa[5897]: Error on STOMP connection to (host controller.cdroutertest.com, port 61613). Closing connection.
[2025-08-09 09:42:30.525] 2025 Aug  6 09:14:16 prplOS obuspa[5897]: tw_ulib_diags_lookup_host(host=controller.cdroutertest.com, acs_family_pref=Any): getaddrinfo() failed: Temporary failure in name resolution
[2025-08-09 09:42:30.526] 2025 Aug  6 09:14:16 prplOS obuspa[5897]: ERROR: STOMP failed whilst attempting to connect to (host=controller.cdroutertest.com, port=61613)
[2025-08-09 09:42:30.527] 2025 Aug  6 09:14:16 prplOS obuspa[5897]: Error on STOMP connection to (host controller.cdroutertest.com, port 61613). Closing connection.
[2025-08-09 09:42:45.527] 2025 Aug  6 09:14:30 prplOS tr181-dhcpv4client: mod-dhc - [!][eth0] Broadcast DISCOVER. - (dhcp_packet_send@dhcp_packet.c:641)
[2025-08-09 09:42:54.528] 2025 Aug  6 09:14:40 prplOS obuspa[5897]: tw_ulib_diags_lookup_host(host=controller.cdroutertest.com, acs_family_pref=Any): getaddrinfo() failed: Temporary failure in name resolution
[2025-08-09 09:42:54.530] 2025 Aug  6 09:14:40 prplOS obuspa[5897]: ERROR: STOMP failed whilst attempting to connect to (host=controller.cdroutertest.com, port=61613)
[2025-08-09 09:42:54.531] 2025 Aug  6 09:14:40 prplOS obuspa[5897]: Error on STOMP connection to (host controller.cdroutertest.com, port 61613). Closing connection.
[2025-08-09 09:43:16.531] 2025 Aug  6 09:15:01 prplOS obuspa[5897]: tw_ulib_diags_lookup_host(host=controller.cdroutertest.com, acs_family_pref=Any): getaddrinfo() failed: Temporary failure in name resolution
[2025-08-09 09:43:16.532] 2025 Aug  6 09:15:01 prplOS obuspa[5897]: ERROR: STOMP failed whilst attempting to connect to (host=controller.cdroutertest.com, port=61613)
[2025-08-09 09:43:16.533] 2025 Aug  6 09:15:01 prplOS obuspa[5897]: Error on STOMP connection to (host controller.cdroutertest.com, port 61613). Closing connection.
[2025-08-09 09:43:47.535] 2025 Aug  6 09:15:33 prplOS ssh_server: [USER][SYSTEM] - [!][Authentication][SSH][SUCCESS] User='root'
[2025-08-09 09:43:47.536] 2025 Aug  6 09:15:33 prplOS TEST: WebUI testing framework initialized
[2025-08-09 09:43:48.536] 2025 Aug  6 09:15:33 prplOS tr181-dhcpv4client: mod-dhc - [!][eth0] Broadcast DISCOVER. - (dhcp_packet_send@dhcp_packet.c:641)
[2025-08-09 09:43:48.537] 2025 Aug  6 09:15:34 prplOS ssh_server: [USER][SYSTEM] - [!][Authentication][SSH][SUCCESS] User='root'
[2025-08-09 09:43:48.538] 2025 Aug  6 09:15:34 prplOS ssh_server: [USER][SYSTEM] - [!][Authentication][SSH][SUCCESS] User='root'
[2025-08-09 09:43:56.537] 2025 Aug  6 09:15:41 prplOS obuspa[5897]: tw_ulib_diags_lookup_host(host=controller.cdroutertest.com, acs_family_pref=Any): getaddrinfo() failed: Temporary failure in name resolution
[2025-08-09 09:43:56.538] 2025 Aug  6 09:15:41 prplOS obuspa[5897]: ERROR: STOMP failed whilst attempting to connect to (host=controller.cdroutertest.com, port=61613)
[2025-08-09 09:43:56.539] 2025 Aug  6 09:15:41 prplOS obuspa[5897]: Error on STOMP connection to (host controller.cdroutertest.com, port 61613). Closing connection.
[2025-08-09 09:44:12.538] 2025 Aug  6 09:15:57 prplOS obuspa[5897]: tw_ulib_diags_lookup_host(host=controller.cdroutertest.com, acs_family_pref=Any): getaddrinfo() failed: Temporary failure in name resolution
[2025-08-09 09:44:12.539] 2025 Aug  6 09:15:57 prplOS obuspa[5897]: ERROR: STOMP failed whilst attempting to connect to (host=controller.cdroutertest.com, port=61613)
[2025-08-09 09:44:12.540] 2025 Aug  6 09:15:57 prplOS obuspa[5897]: Error on STOMP connection to (host controller.cdroutertest.com, port 61613). Closing connection.
[2025-08-09 09:44:16.539] 2025 Aug  6 09:16:01 prplOS obuspa[5897]: tw_ulib_diags_lookup_host(host=controller.cdroutertest.com, acs_family_pref=Any): getaddrinfo() failed: Temporary failure in name resolution
[2025-08-09 09:44:16.540] 2025 Aug  6 09:16:01 prplOS obuspa[5897]: ERROR: STOMP failed whilst attempting to connect to (host=controller.cdroutertest.com, port=61613)
[2025-08-09 09:44:16.540] 2025 Aug  6 09:16:01 prplOS obuspa[5897]: Error on STOMP connection to (host controller.cdroutertest.com, port 61613). Closing connection.
[2025-08-09 09:44:35.541] 2025 Aug  6 09:16:20 prplOS obuspa[5897]: tw_ulib_diags_lookup_host(host=controller.cdroutertest.com, acs_family_pref=Any): getaddrinfo() failed: Temporary failure in name resolution
[2025-08-09 09:44:35.542] 2025 Aug  6 09:16:20 prplOS obuspa[5897]: ERROR: STOMP failed whilst attempting to connect to (host=controller.cdroutertest.com, port=61613)
[2025-08-09 09:44:35.543] 2025 Aug  6 09:16:20 prplOS obuspa[5897]: Error on STOMP connection to (host controller.cdroutertest.com, port 61613). Closing connection.
[2025-08-09 09:44:51.545] 2025 Aug  6 09:16:36 prplOS tr181-dhcpv4client: mod-dhc - [!][eth0] Broadcast DISCOVER. - (dhcp_packet_send@dhcp_packet.c:641)
[2025-08-09 09:45:02.545] 2025 Aug  6 09:16:47 prplOS obuspa[5897]: tw_ulib_diags_lookup_host(host=controller.cdroutertest.com, acs_family_pref=Any): getaddrinfo() failed: Temporary failure in name resolution
[2025-08-09 09:45:02.546] 2025 Aug  6 09:16:47 prplOS obuspa[5897]: ERROR: STOMP failed whilst attempting to connect to (host=controller.cdroutertest.com, port=61613)
[2025-08-09 09:45:02.547] 2025 Aug  6 09:16:47 prplOS obuspa[5897]: Error on STOMP connection to (host controller.cdroutertest.com, port 61613). Closing connection.
[2025-08-09 09:45:54.554] 2025 Aug  6 09:17:39 prplOS tr181-dhcpv4client: mod-dhc - [!][eth0] Broadcast DISCOVER. - (dhcp_packet_send@dhcp_packet.c:641)
[2025-08-09 09:45:55.553] 2025 Aug  6 09:17:41 prplOS obuspa[5897]: tw_ulib_diags_lookup_host(host=controller.cdroutertest.com, acs_family_pref=Any): getaddrinfo() failed: Temporary failure in name resolution
[2025-08-09 09:45:55.554] 2025 Aug  6 09:17:41 prplOS obuspa[5897]: ERROR: STOMP failed whilst attempting to connect to (host=controller.cdroutertest.com, port=61613)
[2025-08-09 09:45:55.555] 2025 Aug  6 09:17:41 prplOS obuspa[5897]: Error on STOMP connection to (host controller.cdroutertest.com, port 61613). Closing connection.
[2025-08-09 09:46:53.561] 2025 Aug  6 09:18:39 prplOS obuspa[5897]: tw_ulib_diags_lookup_host(host=controller.cdroutertest.com, acs_family_pref=Any): getaddrinfo() failed: Temporary failure in name resolution
[2025-08-09 09:46:53.563] 2025 Aug  6 09:18:39 prplOS obuspa[5897]: ERROR: STOMP failed whilst attempting to connect to (host=controller.cdroutertest.com, port=61613)
[2025-08-09 09:46:53.563] 2025 Aug  6 09:18:39 prplOS obuspa[5897]: Error on STOMP connection to (host controller.cdroutertest.com, port 61613). Closing connection.
[2025-08-09 09:46:57.562] 2025 Aug  6 09:18:42 prplOS tr181-dhcpv4client: mod-dhc - [!][eth0] Broadcast DISCOVER. - (dhcp_packet_send@dhcp_packet.c:641)
[2025-08-09 09:47:28.565] 2025 Aug  6 09:19:14 prplOS obuspa[5897]: tw_ulib_diags_lookup_host(host=controller.cdroutertest.com, acs_family_pref=Any): getaddrinfo() failed: Temporary failure in name resolution
[2025-08-09 09:47:28.566] 2025 Aug  6 09:19:14 prplOS obuspa[5897]: ERROR: STOMP failed whilst attempting to connect to (host=controller.cdroutertest.com, port=61613)
[2025-08-09 09:47:28.567] 2025 Aug  6 09:19:14 prplOS obuspa[5897]: Error on STOMP connection to (host controller.cdroutertest.com, port 61613). Closing connection.
[2025-08-09 09:47:54.569] 2025 Aug  6 09:19:40 prplOS obuspa[5897]: tw_ulib_diags_lookup_host(host=controller.cdroutertest.com, acs_family_pref=Any): getaddrinfo() failed: Temporary failure in name resolution
[2025-08-09 09:47:54.570] 2025 Aug  6 09:19:40 prplOS obuspa[5897]: ERROR: STOMP failed whilst attempting to connect to (host=controller.cdroutertest.com, port=61613)
[2025-08-09 09:47:54.571] 2025 Aug  6 09:19:40 prplOS obuspa[5897]: Error on STOMP connection to (host controller.cdroutertest.com, port 61613). Closing connection.
[2025-08-09 09:48:00.570] 2025 Aug  6 09:19:45 prplOS tr181-dhcpv4client: mod-dhc - [!][eth0] Broadcast DISCOVER. - (dhcp_packet_send@dhcp_packet.c:641)
[2025-08-09 09:48:14.572] 2025 Aug  6 09:20:00 prplOS crond[5987]: USER root pid 11964 cmd /usr/sbin/logrotate /etc/logrotate.conf
[2025-08-09 09:48:53.575] 2025 Aug  6 09:20:39 prplOS obuspa[5897]: tw_ulib_diags_lookup_host(host=controller.cdroutertest.com, acs_family_pref=Any): getaddrinfo() failed: Temporary failure in name resolution
[2025-08-09 09:48:53.576] 2025 Aug  6 09:20:39 prplOS obuspa[5897]: ERROR: STOMP failed whilst attempting to connect to (host=controller.cdroutertest.com, port=61613)
[2025-08-09 09:48:53.577] 2025 Aug  6 09:20:39 prplOS obuspa[5897]: Error on STOMP connection to (host controller.cdroutertest.com, port 61613). Closing connection.
[2025-08-09 09:49:00.577] 2025 Aug  6 09:20:46 prplOS obuspa[5897]: tw_ulib_diags_lookup_host(host=controller.cdroutertest.com, acs_family_pref=Any): getaddrinfo() failed: Temporary failure in name resolution
[2025-08-09 09:49:00.579] 2025 Aug  6 09:20:46 prplOS obuspa[5897]: ERROR: STOMP failed whilst attempting to connect to (host=controller.cdroutertest.com, port=61613)
[2025-08-09 09:49:00.581] 2025 Aug  6 09:20:46 prplOS obuspa[5897]: Error on STOMP connection to (host controller.cdroutertest.com, port 61613). Closing connection.
[2025-08-09 09:49:03.578] 2025 Aug  6 09:20:48 prplOS tr181-dhcpv4client: mod-dhc - [!][eth0] Broadcast DISCOVER. - (dhcp_packet_send@dhcp_packet.c:641)
[2025-08-09 09:49:56.584] 2025 Aug  6 09:21:42 prplOS obuspa[5897]: tw_ulib_diags_lookup_host(host=controller.cdroutertest.com, acs_family_pref=Any): getaddrinfo() failed: Temporary failure in name resolution
[2025-08-09 09:49:56.586] 2025 Aug  6 09:21:42 prplOS obuspa[5897]: ERROR: STOMP failed whilst attempting to connect to (host=controller.cdroutertest.com, port=61613)
[2025-08-09 09:49:56.587] 2025 Aug  6 09:21:42 prplOS obuspa[5897]: Error on STOMP connection to (host controller.cdroutertest.com, port 61613). Closing connection.
[2025-08-09 09:50:06.585] 2025 Aug  6 09:21:51 prplOS tr181-dhcpv4client: mod-dhc - [!][eth0] Broadcast DISCOVER. - (dhcp_packet_send@dhcp_packet.c:641)
[2025-08-09 09:50:13.587] 2025 Aug  6 09:21:59 prplOS obuspa[5897]: tw_ulib_diags_lookup_host(host=controller.cdroutertest.com, acs_family_pref=Any): getaddrinfo() failed: Temporary failure in name resolution
[2025-08-09 09:50:13.588] 2025 Aug  6 09:21:59 prplOS obuspa[5897]: ERROR: STOMP failed whilst attempting to connect to (host=controller.cdroutertest.com, port=61613)
[2025-08-09 09:50:13.589] 2025 Aug  6 09:21:59 prplOS obuspa[5897]: Error on STOMP connection to (host controller.cdroutertest.com, port 61613). Closing connection.
[2025-08-09 09:50:23.587] 2025 Aug  6 09:22:09 prplOS obuspa[5897]: tw_ulib_diags_lookup_host(host=controller.cdroutertest.com, acs_family_pref=Any): getaddrinfo() failed: Temporary failure in name resolution
[2025-08-09 09:50:23.589] 2025 Aug  6 09:22:09 prplOS obuspa[5897]: ERROR: STOMP failed whilst attempting to connect to (host=controller.cdroutertest.com, port=61613)
[2025-08-09 09:50:23.590] 2025 Aug  6 09:22:09 prplOS obuspa[5897]: Error on STOMP connection to (host controller.cdroutertest.com, port 61613). Closing connection.
[2025-08-09 09:50:43.589] 2025 Aug  6 09:22:29 prplOS obuspa[5897]: tw_ulib_diags_lookup_host(host=controller.cdroutertest.com, acs_family_pref=Any): getaddrinfo() failed: Temporary failure in name resolution
[2025-08-09 09:50:43.590] 2025 Aug  6 09:22:29 prplOS obuspa[5897]: ERROR: STOMP failed whilst attempting to connect to (host=controller.cdroutertest.com, port=61613)
[2025-08-09 09:50:43.592] 2025 Aug  6 09:22:29 prplOS obuspa[5897]: Error on STOMP connection to (host controller.cdroutertest.com, port 61613). Closing connection.
[2025-08-09 09:51:00.592] 2025 Aug  6 09:22:46 prplOS obuspa[5897]: tw_ulib_diags_lookup_host(host=controller.cdroutertest.com, acs_family_pref=Any): getaddrinfo() failed: Temporary failure in name resolution
[2025-08-09 09:51:00.593] 2025 Aug  6 09:22:46 prplOS obuspa[5897]: ERROR: STOMP failed whilst attempting to connect to (host=controller.cdroutertest.com, port=61613)
[2025-08-09 09:51:00.594] 2025 Aug  6 09:22:46 prplOS obuspa[5897]: Error on STOMP connection to (host controller.cdroutertest.com, port 61613). Closing connection.
[2025-08-09 09:51:07.592] 2025 Aug  6 09:22:53 prplOS obuspa[5897]: tw_ulib_diags_lookup_host(host=controller.cdroutertest.com, acs_family_pref=Any): getaddrinfo() failed: Temporary failure in name resolution
[2025-08-09 09:51:07.593] 2025 Aug  6 09:22:53 prplOS obuspa[5897]: ERROR: STOMP failed whilst attempting to connect to (host=controller.cdroutertest.com, port=61613)
[2025-08-09 09:51:07.594] 2025 Aug  6 09:22:53 prplOS obuspa[5897]: Error on STOMP connection to (host controller.cdroutertest.com, port 61613). Closing connection.
[2025-08-09 09:51:09.594] 2025 Aug  6 09:22:54 prplOS tr181-dhcpv4client: mod-dhc - [!][eth0] Broadcast DISCOVER. - (dhcp_packet_send@dhcp_packet.c:641)
[2025-08-09 09:51:41.597] 2025 Aug  6 09:23:27 prplOS obuspa[5897]: tw_ulib_diags_lookup_host(host=controller.cdroutertest.com, acs_family_pref=Any): getaddrinfo() failed: Temporary failure in name resolution
[2025-08-09 09:51:41.598] 2025 Aug  6 09:23:27 prplOS obuspa[5897]: ERROR: STOMP failed whilst attempting to connect to (host=controller.cdroutertest.com, port=61613)
[2025-08-09 09:51:41.599] 2025 Aug  6 09:23:27 prplOS obuspa[5897]: Error on STOMP connection to (host controller.cdroutertest.com, port 61613). Closing connection.
[2025-08-09 09:52:12.601] 2025 Aug  6 09:23:57 prplOS tr181-dhcpv4client: mod-dhc - [!][eth0] Broadcast DISCOVER. - (dhcp_packet_send@dhcp_packet.c:641)
[2025-08-09 09:52:19.602] 2025 Aug  6 09:24:05 prplOS obuspa[5897]: tw_ulib_diags_lookup_host(host=controller.cdroutertest.com, acs_family_pref=Any): getaddrinfo() failed: Temporary failure in name resolution
[2025-08-09 09:52:19.603] 2025 Aug  6 09:24:05 prplOS obuspa[5897]: ERROR: STOMP failed whilst attempting to connect to (host=controller.cdroutertest.com, port=61613)
[2025-08-09 09:52:19.603] 2025 Aug  6 09:24:05 prplOS obuspa[5897]: Error on STOMP connection to (host controller.cdroutertest.com, port 61613). Closing connection.
[2025-08-09 09:53:01.606] 2025 Aug  6 09:24:47 prplOS obuspa[5897]: tw_ulib_diags_lookup_host(host=controller.cdroutertest.com, acs_family_pref=Any): getaddrinfo() failed: Temporary failure in name resolution
[2025-08-09 09:53:01.608] 2025 Aug  6 09:24:47 prplOS obuspa[5897]: ERROR: STOMP failed whilst attempting to connect to (host=controller.cdroutertest.com, port=61613)
[2025-08-09 09:53:01.609] 2025 Aug  6 09:24:47 prplOS obuspa[5897]: Error on STOMP connection to (host controller.cdroutertest.com, port 61613). Closing connection.
[2025-08-09 09:53:15.609] 2025 Aug  6 09:25:00 prplOS tr181-dhcpv4client: mod-dhc - [!][eth0] Broadcast DISCOVER. - (dhcp_packet_send@dhcp_packet.c:641)
[2025-08-09 09:53:26.611] 2025 Aug  6 09:25:12 prplOS obuspa[5897]: tw_ulib_diags_lookup_host(host=controller.cdroutertest.com, acs_family_pref=Any): getaddrinfo() failed: Temporary failure in name resolution
[2025-08-09 09:53:26.612] 2025 Aug  6 09:25:12 prplOS obuspa[5897]: ERROR: STOMP failed whilst attempting to connect to (host=controller.cdroutertest.com, port=61613)
[2025-08-09 09:53:26.634] 2025 Aug  6 09:25:12 prplOS obuspa[5897]: Error on STOMP connection to (host controller.cdroutertest.com, port 61613). Closing connection.
[2025-08-09 09:53:55.616] 2025 Aug  6 09:25:41 prplOS obuspa[5897]: tw_ulib_diags_lookup_host(host=controller.cdroutertest.com, acs_family_pref=Any): getaddrinfo() failed: Temporary failure in name resolution
[2025-08-09 09:53:55.617] 2025 Aug  6 09:25:41 prplOS obuspa[5897]: ERROR: STOMP failed whilst attempting to connect to (host=controller.cdroutertest.com, port=61613)
[2025-08-09 09:53:55.618] 2025 Aug  6 09:25:41 prplOS obuspa[5897]: Error on STOMP connection to (host controller.cdroutertest.com, port 61613). Closing connection.
[2025-08-09 09:54:14.621] 2025 Aug  6 09:26:00 prplOS crond[5987]: ignoring file 'logrotate' (no such user)
[2025-08-09 09:54:18.622] 2025 Aug  6 09:26:03 prplOS tr181-dhcpv4client: mod-dhc - [!][eth0] Broadcast DISCOVER. - (dhcp_packet_send@dhcp_packet.c:641)
[2025-08-09 09:54:44.625] 2025 Aug  6 09:26:30 prplOS obuspa[5897]: tw_ulib_diags_lookup_host(host=controller.cdroutertest.com, acs_family_pref=Any): getaddrinfo() failed: Temporary failure in name resolution
[2025-08-09 09:54:44.627] 2025 Aug  6 09:26:30 prplOS obuspa[5897]: ERROR: STOMP failed whilst attempting to connect to (host=controller.cdroutertest.com, port=61613)
[2025-08-09 09:54:44.628] 2025 Aug  6 09:26:30 prplOS obuspa[5897]: Error on STOMP connection to (host controller.cdroutertest.com, port 61613). Closing connection.
[2025-08-09 09:55:21.630] 2025 Aug  6 09:27:06 prplOS tr181-dhcpv4client: mod-dhc - [!][eth0] Broadcast DISCOVER. - (dhcp_packet_send@dhcp_packet.c:641)
[2025-08-09 09:55:24.630] 2025 Aug  6 09:27:10 prplOS obuspa[5897]: tw_ulib_diags_lookup_host(host=controller.cdroutertest.com, acs_family_pref=Any): getaddrinfo() failed: Temporary failure in name resolution
[2025-08-09 09:55:24.631] 2025 Aug  6 09:27:10 prplOS obuspa[5897]: ERROR: STOMP failed whilst attempting to connect to (host=controller.cdroutertest.com, port=61613)
[2025-08-09 09:55:24.632] 2025 Aug  6 09:27:10 prplOS obuspa[5897]: Error on STOMP connection to (host controller.cdroutertest.com, port 61613). Closing connection.
[2025-08-09 09:55:50.633] 2025 Aug  6 09:27:36 prplOS obuspa[5897]: tw_ulib_diags_lookup_host(host=controller.cdroutertest.com, acs_family_pref=Any): getaddrinfo() failed: Temporary failure in name resolution
[2025-08-09 09:55:50.634] 2025 Aug  6 09:27:36 prplOS obuspa[5897]: ERROR: STOMP failed whilst attempting to connect to (host=controller.cdroutertest.com, port=61613)
[2025-08-09 09:55:50.635] 2025 Aug  6 09:27:36 prplOS obuspa[5897]: Error on STOMP connection to (host controller.cdroutertest.com, port 61613). Closing connection.
[2025-08-09 09:55:51.634] 2025 Aug  6 09:27:37 prplOS obuspa[5897]: tw_ulib_diags_lookup_host(host=controller.cdroutertest.com, acs_family_pref=Any): getaddrinfo() failed: Temporary failure in name resolution
[2025-08-09 09:55:51.635] 2025 Aug  6 09:27:37 prplOS obuspa[5897]: ERROR: STOMP failed whilst attempting to connect to (host=controller.cdroutertest.com, port=61613)
[2025-08-09 09:55:51.636] 2025 Aug  6 09:27:37 prplOS obuspa[5897]: Error on STOMP connection to (host controller.cdroutertest.com, port 61613). Closing connection.
[2025-08-09 09:55:56.634] 2025 Aug  6 09:27:42 prplOS obuspa[5897]: tw_ulib_diags_lookup_host(host=controller.cdroutertest.com, acs_family_pref=Any): getaddrinfo() failed: Temporary failure in name resolution
[2025-08-09 09:55:56.635] 2025 Aug  6 09:27:42 prplOS obuspa[5897]: ERROR: STOMP failed whilst attempting to connect to (host=controller.cdroutertest.com, port=61613)
[2025-08-09 09:55:56.636] 2025 Aug  6 09:27:42 prplOS obuspa[5897]: Error on STOMP connection to (host controller.cdroutertest.com, port 61613). Closing connection.
[2025-08-09 09:56:24.637] 2025 Aug  6 09:28:09 prplOS tr181-dhcpv4client: mod-dhc - [!][eth0] Broadcast DISCOVER. - (dhcp_packet_send@dhcp_packet.c:641)
[2025-08-09 09:56:52.640] 2025 Aug  6 09:28:38 prplOS obuspa[5897]: tw_ulib_diags_lookup_host(host=controller.cdroutertest.com, acs_family_pref=Any): getaddrinfo() failed: Temporary failure in name resolution
[2025-08-09 09:56:52.641] 2025 Aug  6 09:28:38 prplOS obuspa[5897]: ERROR: STOMP failed whilst attempting to connect to (host=controller.cdroutertest.com, port=61613)
[2025-08-09 09:56:52.642] 2025 Aug  6 09:28:38 prplOS obuspa[5897]: Error on STOMP connection to (host controller.cdroutertest.com, port 61613). Closing connection.
[2025-08-09 09:57:23.644] 2025 Aug  6 09:29:09 prplOS obuspa[5897]: tw_ulib_diags_lookup_host(host=controller.cdroutertest.com, acs_family_pref=Any): getaddrinfo() failed: Temporary failure in name resolution
[2025-08-09 09:57:23.645] 2025 Aug  6 09:29:09 prplOS obuspa[5897]: ERROR: STOMP failed whilst attempting to connect to (host=controller.cdroutertest.com, port=61613)
[2025-08-09 09:57:23.646] 2025 Aug  6 09:29:09 prplOS obuspa[5897]: Error on STOMP connection to (host controller.cdroutertest.com, port 61613). Closing connection.
[2025-08-09 09:57:27.644] 2025 Aug  6 09:29:12 prplOS tr181-dhcpv4client: mod-dhc - [!][eth0] Broadcast DISCOVER. - (dhcp_packet_send@dhcp_packet.c:641)
[2025-08-09 09:57:31.644] 2025 Aug  6 09:29:17 prplOS obuspa[5897]: tw_ulib_diags_lookup_host(host=controller.cdroutertest.com, acs_family_pref=Any): getaddrinfo() failed: Temporary failure in name resolution
[2025-08-09 09:57:31.645] 2025 Aug  6 09:29:17 prplOS obuspa[5897]: ERROR: STOMP failed whilst attempting to connect to (host=controller.cdroutertest.com, port=61613)
[2025-08-09 09:57:31.646] 2025 Aug  6 09:29:17 prplOS obuspa[5897]: Error on STOMP connection to (host controller.cdroutertest.com, port 61613). Closing connection.
[2025-08-09 09:57:45.647] 2025 Aug  6 09:29:31 prplOS obuspa[5897]: tw_ulib_diags_lookup_host(host=controller.cdroutertest.com, acs_family_pref=Any): getaddrinfo() failed: Temporary failure in name resolution
[2025-08-09 09:57:45.648] 2025 Aug  6 09:29:31 prplOS obuspa[5897]: ERROR: STOMP failed whilst attempting to connect to (host=controller.cdroutertest.com, port=61613)
[2025-08-09 09:57:45.649] 2025 Aug  6 09:29:31 prplOS obuspa[5897]: Error on STOMP connection to (host controller.cdroutertest.com, port 61613). Closing connection.
[2025-08-09 09:57:58.650] 2025 Aug  6 09:29:44 prplOS obuspa[5897]: tw_ulib_diags_lookup_host(host=controller.cdroutertest.com, acs_family_pref=Any): getaddrinfo() failed: Temporary failure in name resolution
[2025-08-09 09:57:58.651] 2025 Aug  6 09:29:44 prplOS obuspa[5897]: ERROR: STOMP failed whilst attempting to connect to (host=controller.cdroutertest.com, port=61613)
[2025-08-09 09:57:58.652] 2025 Aug  6 09:29:44 prplOS obuspa[5897]: Error on STOMP connection to (host controller.cdroutertest.com, port 61613). Closing connection.
[2025-08-09 09:58:01.649] 2025 Aug  6 09:29:47 prplOS obuspa[5897]: tw_ulib_diags_lookup_host(host=controller.cdroutertest.com, acs_family_pref=Any): getaddrinfo() failed: Temporary failure in name resolution
[2025-08-09 09:58:01.650] 2025 Aug  6 09:29:47 prplOS obuspa[5897]: ERROR: STOMP failed whilst attempting to connect to (host=controller.cdroutertest.com, port=61613)
[2025-08-09 09:58:01.651] 2025 Aug  6 09:29:47 prplOS obuspa[5897]: Error on STOMP connection to (host controller.cdroutertest.com, port 61613). Closing connection.
[2025-08-09 09:58:13.650] 2025 Aug  6 09:29:58 prplOS obuspa[5897]: tw_ulib_diags_lookup_host(host=controller.cdroutertest.com, acs_family_pref=Any): getaddrinfo() failed: Temporary failure in name resolution
[2025-08-09 09:58:13.651] 2025 Aug  6 09:29:58 prplOS obuspa[5897]: ERROR: STOMP failed whilst attempting to connect to (host=controller.cdroutertest.com, port=61613)
[2025-08-09 09:58:13.653] 2025 Aug  6 09:29:58 prplOS obuspa[5897]: Error on STOMP connection to (host controller.cdroutertest.com, port 61613). Closing connection.
[2025-08-09 09:58:14.651] 2025 Aug  6 09:30:00 prplOS crond[5987]: USER root pid 12092 cmd /usr/sbin/logrotate /etc/logrotate.conf
[2025-08-09 09:58:19.651] 2025 Aug  6 09:30:04 prplOS obuspa[5897]: tw_ulib_diags_lookup_host(host=controller.cdroutertest.com, acs_family_pref=Any): getaddrinfo() failed: Temporary failure in name resolution
[2025-08-09 09:58:19.652] 2025 Aug  6 09:30:04 prplOS obuspa[5897]: ERROR: STOMP failed whilst attempting to connect to (host=controller.cdroutertest.com, port=61613)
[2025-08-09 09:58:19.653] 2025 Aug  6 09:30:04 prplOS obuspa[5897]: Error on STOMP connection to (host controller.cdroutertest.com, port 61613). Closing connection.
[2025-08-09 09:58:30.652] 2025 Aug  6 09:30:15 prplOS tr181-dhcpv4client: mod-dhc - [!][eth0] Broadcast DISCOVER. - (dhcp_packet_send@dhcp_packet.c:641)
[2025-08-09 09:58:30.654] 2025 Aug  6 09:30:15 prplOS obuspa[5897]: tw_ulib_diags_lookup_host(host=controller.cdroutertest.com, acs_family_pref=Any): getaddrinfo() failed: Temporary failure in name resolution
[2025-08-09 09:58:30.655] 2025 Aug  6 09:30:15 prplOS obuspa[5897]: ERROR: STOMP failed whilst attempting to connect to (host=controller.cdroutertest.com, port=61613)
[2025-08-09 09:58:30.656] 2025 Aug  6 09:30:15 prplOS obuspa[5897]: Error on STOMP connection to (host controller.cdroutertest.com, port 61613). Closing connection.
[2025-08-09 09:59:08.654] 2025 Aug  6 09:30:54 prplOS obuspa[5897]: tw_ulib_diags_lookup_host(host=controller.cdroutertest.com, acs_family_pref=Any): getaddrinfo() failed: Temporary failure in name resolution
[2025-08-09 09:59:08.655] 2025 Aug  6 09:30:54 prplOS obuspa[5897]: ERROR: STOMP failed whilst attempting to connect to (host=controller.cdroutertest.com, port=61613)
[2025-08-09 09:59:08.656] 2025 Aug  6 09:30:54 prplOS obuspa[5897]: Error on STOMP connection to (host controller.cdroutertest.com, port 61613). Closing connection.
[2025-08-09 09:59:33.658] 2025 Aug  6 09:31:18 prplOS tr181-dhcpv4client: mod-dhc - [!][eth0] Broadcast DISCOVER. - (dhcp_packet_send@dhcp_packet.c:641)
[2025-08-09 09:59:33.659] 2025 Aug  6 09:31:19 prplOS obuspa[5897]: tw_ulib_diags_lookup_host(host=controller.cdroutertest.com, acs_family_pref=Any): getaddrinfo() failed: Temporary failure in name resolution
[2025-08-09 09:59:33.660] 2025 Aug  6 09:31:19 prplOS obuspa[5897]: ERROR: STOMP failed whilst attempting to connect to (host=controller.cdroutertest.com, port=61613)
[2025-08-09 09:59:33.661] 2025 Aug  6 09:31:19 prplOS obuspa[5897]: Error on STOMP connection to (host controller.cdroutertest.com, port 61613). Closing connection.
[2025-08-09 10:00:20.660] 2025 Aug  6 09:32:06 prplOS obuspa[5897]: tw_ulib_diags_lookup_host(host=controller.cdroutertest.com, acs_family_pref=Any): getaddrinfo() failed: Temporary failure in name resolution
[2025-08-09 10:00:20.662] 2025 Aug  6 09:32:06 prplOS obuspa[5897]: ERROR: STOMP failed whilst attempting to connect to (host=controller.cdroutertest.com, port=61613)
[2025-08-09 10:00:20.663] 2025 Aug  6 09:32:06 prplOS obuspa[5897]: Error on STOMP connection to (host controller.cdroutertest.com, port 61613). Closing connection.
[2025-08-09 10:00:35.662] 2025 Aug  6 09:32:21 prplOS tr181-dhcpv4client: mod-dhc - [!][eth0] Broadcast DISCOVER. - (dhcp_packet_send@dhcp_packet.c:641)
[2025-08-09 10:00:59.665] 2025 Aug  6 09:32:45 prplOS obuspa[5897]: tw_ulib_diags_lookup_host(host=controller.cdroutertest.com, acs_family_pref=Any): getaddrinfo() failed: Temporary failure in name resolution
[2025-08-09 10:00:59.667] 2025 Aug  6 09:32:45 prplOS obuspa[5897]: ERROR: STOMP failed whilst attempting to connect to (host=controller.cdroutertest.com, port=61613)
[2025-08-09 10:00:59.668] 2025 Aug  6 09:32:45 prplOS obuspa[5897]: Error on STOMP connection to (host controller.cdroutertest.com, port 61613). Closing connection.
[2025-08-09 10:01:26.667] 2025 Aug  6 09:33:12 prplOS obuspa[5897]: tw_ulib_diags_lookup_host(host=controller.cdroutertest.com, acs_family_pref=Any): getaddrinfo() failed: Temporary failure in name resolution
[2025-08-09 10:01:26.668] 2025 Aug  6 09:33:12 prplOS obuspa[5897]: ERROR: STOMP failed whilst attempting to connect to (host=controller.cdroutertest.com, port=61613)
[2025-08-09 10:01:26.669] 2025 Aug  6 09:33:12 prplOS obuspa[5897]: Error on STOMP connection to (host controller.cdroutertest.com, port 61613). Closing connection.
[2025-08-09 10:01:31.667] 2025 Aug  6 09:33:17 prplOS obuspa[5897]: tw_ulib_diags_lookup_host(host=controller.cdroutertest.com, acs_family_pref=Any): getaddrinfo() failed: Temporary failure in name resolution
[2025-08-09 10:01:31.668] 2025 Aug  6 09:33:17 prplOS obuspa[5897]: ERROR: STOMP failed whilst attempting to connect to (host=controller.cdroutertest.com, port=61613)
[2025-08-09 10:01:31.669] 2025 Aug  6 09:33:17 prplOS obuspa[5897]: Error on STOMP connection to (host controller.cdroutertest.com, port 61613). Closing connection.
[2025-08-09 10:01:38.668] 2025 Aug  6 09:33:24 prplOS tr181-dhcpv4client: mod-dhc - [!][eth0] Broadcast DISCOVER. - (dhcp_packet_send@dhcp_packet.c:641)
[2025-08-09 10:01:54.670] 2025 Aug  6 09:33:40 prplOS obuspa[5897]: tw_ulib_diags_lookup_host(host=controller.cdroutertest.com, acs_family_pref=Any): getaddrinfo() failed: Temporary failure in name resolution
[2025-08-09 10:01:54.671] 2025 Aug  6 09:33:40 prplOS obuspa[5897]: ERROR: STOMP failed whilst attempting to connect to (host=controller.cdroutertest.com, port=61613)
[2025-08-09 10:01:54.672] 2025 Aug  6 09:33:40 prplOS obuspa[5897]: Error on STOMP connection to (host controller.cdroutertest.com, port 61613). Closing connection.
[2025-08-09 10:02:09.671] 2025 Aug  6 09:33:55 prplOS obuspa[5897]: tw_ulib_diags_lookup_host(host=controller.cdroutertest.com, acs_family_pref=Any): getaddrinfo() failed: Temporary failure in name resolution
[2025-08-09 10:02:09.672] 2025 Aug  6 09:33:55 prplOS obuspa[5897]: ERROR: STOMP failed whilst attempting to connect to (host=controller.cdroutertest.com, port=61613)
[2025-08-09 10:02:09.673] 2025 Aug  6 09:33:55 prplOS obuspa[5897]: Error on STOMP connection to (host controller.cdroutertest.com, port 61613). Closing connection.
[2025-08-09 10:02:28.673] 2025 Aug  6 09:34:14 prplOS obuspa[5897]: tw_ulib_diags_lookup_host(host=controller.cdroutertest.com, acs_family_pref=Any): getaddrinfo() failed: Temporary failure in name resolution
[2025-08-09 10:02:28.674] 2025 Aug  6 09:34:14 prplOS obuspa[5897]: ERROR: STOMP failed whilst attempting to connect to (host=controller.cdroutertest.com, port=61613)
[2025-08-09 10:02:28.675] 2025 Aug  6 09:34:14 prplOS obuspa[5897]: Error on STOMP connection to (host controller.cdroutertest.com, port 61613). Closing connection.
[2025-08-09 10:02:41.674] 2025 Aug  6 09:34:27 prplOS tr181-dhcpv4client: mod-dhc - [!][eth0] Broadcast DISCOVER. - (dhcp_packet_send@dhcp_packet.c:641)
[2025-08-09 10:03:26.680] 2025 Aug  6 09:35:12 prplOS obuspa[5897]: tw_ulib_diags_lookup_host(host=controller.cdroutertest.com, acs_family_pref=Any): getaddrinfo() failed: Temporary failure in name resolution
[2025-08-09 10:03:26.681] 2025 Aug  6 09:35:12 prplOS obuspa[5897]: ERROR: STOMP failed whilst attempting to connect to (host=controller.cdroutertest.com, port=61613)
[2025-08-09 10:03:26.683] 2025 Aug  6 09:35:12 prplOS obuspa[5897]: Error on STOMP connection to (host controller.cdroutertest.com, port 61613). Closing connection.
[2025-08-09 10:03:35.681] 2025 Aug  6 09:35:21 prplOS obuspa[5897]: tw_ulib_diags_lookup_host(host=controller.cdroutertest.com, acs_family_pref=Any): getaddrinfo() failed: Temporary failure in name resolution
[2025-08-09 10:03:35.682] 2025 Aug  6 09:35:21 prplOS obuspa[5897]: ERROR: STOMP failed whilst attempting to connect to (host=controller.cdroutertest.com, port=61613)
[2025-08-09 10:03:35.683] 2025 Aug  6 09:35:21 prplOS obuspa[5897]: Error on STOMP connection to (host controller.cdroutertest.com, port 61613). Closing connection.
[2025-08-09 10:03:38.680] 2025 Aug  6 09:35:24 prplOS obuspa[5897]: tw_ulib_diags_lookup_host(host=controller.cdroutertest.com, acs_family_pref=Any): getaddrinfo() failed: Temporary failure in name resolution
[2025-08-09 10:03:38.681] 2025 Aug  6 09:35:24 prplOS obuspa[5897]: ERROR: STOMP failed whilst attempting to connect to (host=controller.cdroutertest.com, port=61613)
[2025-08-09 10:03:38.681] 2025 Aug  6 09:35:24 prplOS obuspa[5897]: Error on STOMP connection to (host controller.cdroutertest.com, port 61613). Closing connection.
[2025-08-09 10:03:42.680] 2025 Aug  6 09:35:28 prplOS obuspa[5897]: tw_ulib_diags_lookup_host(host=controller.cdroutertest.com, acs_family_pref=Any): getaddrinfo() failed: Temporary failure in name resolution
[2025-08-09 10:03:42.682] 2025 Aug  6 09:35:28 prplOS obuspa[5897]: ERROR: STOMP failed whilst attempting to connect to (host=controller.cdroutertest.com, port=61613)
[2025-08-09 10:03:42.682] 2025 Aug  6 09:35:28 prplOS obuspa[5897]: Error on STOMP connection to (host controller.cdroutertest.com, port 61613). Closing connection.
[2025-08-09 10:03:44.681] 2025 Aug  6 09:35:30 prplOS tr181-dhcpv4client: mod-dhc - [!][eth0] Broadcast DISCOVER. - (dhcp_packet_send@dhcp_packet.c:641)
[2025-08-09 10:04:20.685] 2025 Aug  6 09:36:06 prplOS obuspa[5897]: tw_ulib_diags_lookup_host(host=controller.cdroutertest.com, acs_family_pref=Any): getaddrinfo() failed: Temporary failure in name resolution
[2025-08-09 10:04:20.686] 2025 Aug  6 09:36:06 prplOS obuspa[5897]: ERROR: STOMP failed whilst attempting to connect to (host=controller.cdroutertest.com, port=61613)
[2025-08-09 10:04:20.687] 2025 Aug  6 09:36:06 prplOS obuspa[5897]: Error on STOMP connection to (host controller.cdroutertest.com, port 61613). Closing connection.
[2025-08-09 10:04:40.687] 2025 Aug  6 09:36:26 prplOS obuspa[5897]: tw_ulib_diags_lookup_host(host=controller.cdroutertest.com, acs_family_pref=Any): getaddrinfo() failed: Temporary failure in name resolution
[2025-08-09 10:04:40.688] 2025 Aug  6 09:36:26 prplOS obuspa[5897]: ERROR: STOMP failed whilst attempting to connect to (host=controller.cdroutertest.com, port=61613)
[2025-08-09 10:04:40.689] 2025 Aug  6 09:36:26 prplOS obuspa[5897]: Error on STOMP connection to (host controller.cdroutertest.com, port 61613). Closing connection.
[2025-08-09 10:04:47.687] 2025 Aug  6 09:36:33 prplOS tr181-dhcpv4client: mod-dhc - [!][eth0] Broadcast DISCOVER. - (dhcp_packet_send@dhcp_packet.c:641)
[2025-08-09 10:05:22.691] 2025 Aug  6 09:37:08 prplOS obuspa[5897]: tw_ulib_diags_lookup_host(host=controller.cdroutertest.com, acs_family_pref=Any): getaddrinfo() failed: Temporary failure in name resolution
[2025-08-09 10:05:22.692] 2025 Aug  6 09:37:08 prplOS obuspa[5897]: ERROR: STOMP failed whilst attempting to connect to (host=controller.cdroutertest.com, port=61613)
[2025-08-09 10:05:22.693] 2025 Aug  6 09:37:08 prplOS obuspa[5897]: Error on STOMP connection to (host controller.cdroutertest.com, port 61613). Closing connection.
[2025-08-09 10:05:50.694] 2025 Aug  6 09:37:36 prplOS tr181-dhcpv4client: mod-dhc - [!][eth0] Broadcast DISCOVER. - (dhcp_packet_send@dhcp_packet.c:641)
[2025-08-09 10:06:09.697] 2025 Aug  6 09:37:55 prplOS obuspa[5897]: tw_ulib_diags_lookup_host(host=controller.cdroutertest.com, acs_family_pref=Any): getaddrinfo() failed: Temporary failure in name resolution
[2025-08-09 10:06:09.699] 2025 Aug  6 09:37:55 prplOS obuspa[5897]: ERROR: STOMP failed whilst attempting to connect to (host=controller.cdroutertest.com, port=61613)
[2025-08-09 10:06:09.700] 2025 Aug  6 09:37:55 prplOS obuspa[5897]: Error on STOMP connection to (host controller.cdroutertest.com, port 61613). Closing connection.
[2025-08-09 10:06:12.696] 2025 Aug  6 09:37:58 prplOS obuspa[5897]: tw_ulib_diags_lookup_host(host=controller.cdroutertest.com, acs_family_pref=Any): getaddrinfo() failed: Temporary failure in name resolution
[2025-08-09 10:06:12.698] 2025 Aug  6 09:37:58 prplOS obuspa[5897]: ERROR: STOMP failed whilst attempting to connect to (host=controller.cdroutertest.com, port=61613)
[2025-08-09 10:06:12.698] 2025 Aug  6 09:37:58 prplOS obuspa[5897]: Error on STOMP connection to (host controller.cdroutertest.com, port 61613). Closing connection.
[2025-08-09 10:06:26.697] 2025 Aug  6 09:38:12 prplOS obuspa[5897]: tw_ulib_diags_lookup_host(host=controller.cdroutertest.com, acs_family_pref=Any): getaddrinfo() failed: Temporary failure in name resolution
[2025-08-09 10:06:26.699] 2025 Aug  6 09:38:12 prplOS obuspa[5897]: ERROR: STOMP failed whilst attempting to connect to (host=controller.cdroutertest.com, port=61613)
[2025-08-09 10:06:26.700] 2025 Aug  6 09:38:12 prplOS obuspa[5897]: Error on STOMP connection to (host controller.cdroutertest.com, port 61613). Closing connection.
[2025-08-09 10:06:44.699] 2025 Aug  6 09:38:30 prplOS obuspa[5897]: tw_ulib_diags_lookup_host(host=controller.cdroutertest.com, acs_family_pref=Any): getaddrinfo() failed: Temporary failure in name resolution
[2025-08-09 10:06:44.701] 2025 Aug  6 09:38:30 prplOS obuspa[5897]: ERROR: STOMP failed whilst attempting to connect to (host=controller.cdroutertest.com, port=61613)
[2025-08-09 10:06:44.701] 2025 Aug  6 09:38:30 prplOS obuspa[5897]: Error on STOMP connection to (host controller.cdroutertest.com, port 61613). Closing connection.
[2025-08-09 10:06:53.702] 2025 Aug  6 09:38:39 prplOS tr181-dhcpv4client: mod-dhc - [!][eth0] Broadcast DISCOVER. - (dhcp_packet_send@dhcp_packet.c:641)
[2025-08-09 10:07:26.703] 2025 Aug  6 09:39:12 prplOS obuspa[5897]: tw_ulib_diags_lookup_host(host=controller.cdroutertest.com, acs_family_pref=Any): getaddrinfo() failed: Temporary failure in name resolution
[2025-08-09 10:07:26.704] 2025 Aug  6 09:39:12 prplOS obuspa[5897]: ERROR: STOMP failed whilst attempting to connect to (host=controller.cdroutertest.com, port=61613)
[2025-08-09 10:07:26.705] 2025 Aug  6 09:39:12 prplOS obuspa[5897]: Error on STOMP connection to (host controller.cdroutertest.com, port 61613). Closing connection.
[2025-08-09 10:07:40.706] 2025 Aug  6 09:39:26 prplOS obuspa[5897]: tw_ulib_diags_lookup_host(host=controller.cdroutertest.com, acs_family_pref=Any): getaddrinfo() failed: Temporary failure in name resolution
[2025-08-09 10:07:40.707] 2025 Aug  6 09:39:26 prplOS obuspa[5897]: ERROR: STOMP failed whilst attempting to connect to (host=controller.cdroutertest.com, port=61613)
[2025-08-09 10:07:40.708] 2025 Aug  6 09:39:26 prplOS obuspa[5897]: Error on STOMP connection to (host controller.cdroutertest.com, port 61613). Closing connection.
[2025-08-09 10:07:56.707] 2025 Aug  6 09:39:42 prplOS tr181-dhcpv4client: mod-dhc - [!][eth0] Broadcast DISCOVER. - (dhcp_packet_send@dhcp_packet.c:641)
[2025-08-09 10:08:10.708] 2025 Aug  6 09:39:56 prplOS obuspa[5897]: tw_ulib_diags_lookup_host(host=controller.cdroutertest.com, acs_family_pref=Any): getaddrinfo() failed: Temporary failure in name resolution
[2025-08-09 10:08:10.709] 2025 Aug  6 09:39:56 prplOS obuspa[5897]: ERROR: STOMP failed whilst attempting to connect to (host=controller.cdroutertest.com, port=61613)
[2025-08-09 10:08:10.710] 2025 Aug  6 09:39:56 prplOS obuspa[5897]: Error on STOMP connection to (host controller.cdroutertest.com, port 61613). Closing connection.
[2025-08-09 10:08:14.709] 2025 Aug  6 09:40:00 prplOS crond[5987]: USER root pid 12222 cmd /usr/sbin/logrotate /etc/logrotate.conf
[2025-08-09 10:08:37.711] 2025 Aug  6 09:40:23 prplOS obuspa[5897]: tw_ulib_diags_lookup_host(host=controller.cdroutertest.com, acs_family_pref=Any): getaddrinfo() failed: Temporary failure in name resolution
[2025-08-09 10:08:37.713] 2025 Aug  6 09:40:23 prplOS obuspa[5897]: ERROR: STOMP failed whilst attempting to connect to (host=controller.cdroutertest.com, port=61613)
[2025-08-09 10:08:37.714] 2025 Aug  6 09:40:23 prplOS obuspa[5897]: Error on STOMP connection to (host controller.cdroutertest.com, port 61613). Closing connection.
[2025-08-09 10:08:59.715] 2025 Aug  6 09:40:45 prplOS tr181-dhcpv4client: mod-dhc - [!][eth0] Broadcast DISCOVER. - (dhcp_packet_send@dhcp_packet.c:641)
[2025-08-09 10:09:02.715] 2025 Aug  6 09:40:48 prplOS obuspa[5897]: tw_ulib_diags_lookup_host(host=controller.cdroutertest.com, acs_family_pref=Any): getaddrinfo() failed: Temporary failure in name resolution
[2025-08-09 10:09:02.717] 2025 Aug  6 09:40:48 prplOS obuspa[5897]: ERROR: STOMP failed whilst attempting to connect to (host=controller.cdroutertest.com, port=61613)
[2025-08-09 10:09:02.718] 2025 Aug  6 09:40:48 prplOS obuspa[5897]: Error on STOMP connection to (host controller.cdroutertest.com, port 61613). Closing connection.
[2025-08-09 10:09:07.716] 2025 Aug  6 09:40:53 prplOS obuspa[5897]: tw_ulib_diags_lookup_host(host=controller.cdroutertest.com, acs_family_pref=Any): getaddrinfo() failed: Temporary failure in name resolution
[2025-08-09 10:09:07.717] 2025 Aug  6 09:40:53 prplOS obuspa[5897]: ERROR: STOMP failed whilst attempting to connect to (host=controller.cdroutertest.com, port=61613)
[2025-08-09 10:09:07.718] 2025 Aug  6 09:40:53 prplOS obuspa[5897]: Error on STOMP connection to (host controller.cdroutertest.com, port 61613). Closing connection.
[2025-08-09 10:09:35.717] 2025 Aug  6 09:41:21 prplOS obuspa[5897]: tw_ulib_diags_lookup_host(host=controller.cdroutertest.com, acs_family_pref=Any): getaddrinfo() failed: Temporary failure in name resolution
[2025-08-09 10:09:35.718] 2025 Aug  6 09:41:21 prplOS obuspa[5897]: ERROR: STOMP failed whilst attempting to connect to (host=controller.cdroutertest.com, port=61613)
[2025-08-09 10:09:35.720] 2025 Aug  6 09:41:21 prplOS obuspa[5897]: Error on STOMP connection to (host controller.cdroutertest.com, port 61613). Closing connection.
[2025-08-09 10:09:45.719] 2025 Aug  6 09:41:31 prplOS obuspa[5897]: tw_ulib_diags_lookup_host(host=controller.cdroutertest.com, acs_family_pref=Any): getaddrinfo() failed: Temporary failure in name resolution
[2025-08-09 10:09:45.720] 2025 Aug  6 09:41:31 prplOS obuspa[5897]: ERROR: STOMP failed whilst attempting to connect to (host=controller.cdroutertest.com, port=61613)
[2025-08-09 10:09:45.721] 2025 Aug  6 09:41:31 prplOS obuspa[5897]: Error on STOMP connection to (host controller.cdroutertest.com, port 61613). Closing connection.
[2025-08-09 10:10:02.720] 2025 Aug  6 09:41:48 prplOS tr181-dhcpv4client: mod-dhc - [!][eth0] Broadcast DISCOVER. - (dhcp_packet_send@dhcp_packet.c:641)
[2025-08-09 10:10:25.722] 2025 Aug  6 09:42:11 prplOS obuspa[5897]: tw_ulib_diags_lookup_host(host=controller.cdroutertest.com, acs_family_pref=Any): getaddrinfo() failed: Temporary failure in name resolution
[2025-08-09 10:10:25.724] 2025 Aug  6 09:42:11 prplOS obuspa[5897]: ERROR: STOMP failed whilst attempting to connect to (host=controller.cdroutertest.com, port=61613)
[2025-08-09 10:10:25.725] 2025 Aug  6 09:42:11 prplOS obuspa[5897]: Error on STOMP connection to (host controller.cdroutertest.com, port 61613). Closing connection.
[2025-08-09 10:10:48.726] 2025 Aug  6 09:42:34 prplOS obuspa[5897]: tw_ulib_diags_lookup_host(host=controller.cdroutertest.com, acs_family_pref=Any): getaddrinfo() failed: Temporary failure in name resolution
[2025-08-09 10:10:48.727] 2025 Aug  6 09:42:34 prplOS obuspa[5897]: ERROR: STOMP failed whilst attempting to connect to (host=controller.cdroutertest.com, port=61613)
[2025-08-09 10:10:48.728] 2025 Aug  6 09:42:34 prplOS obuspa[5897]: Error on STOMP connection to (host controller.cdroutertest.com, port 61613). Closing connection.
[2025-08-09 10:11:05.726] 2025 Aug  6 09:42:51 prplOS tr181-dhcpv4client: mod-dhc - [!][eth0] Broadcast DISCOVER. - (dhcp_packet_send@dhcp_packet.c:641)
[2025-08-09 10:11:33.731] 2025 Aug  6 09:43:19 prplOS obuspa[5897]: tw_ulib_diags_lookup_host(host=controller.cdroutertest.com, acs_family_pref=Any): getaddrinfo() failed: Temporary failure in name resolution
[2025-08-09 10:11:33.732] 2025 Aug  6 09:43:19 prplOS obuspa[5897]: ERROR: STOMP failed whilst attempting to connect to (host=controller.cdroutertest.com, port=61613)
[2025-08-09 10:11:33.733] 2025 Aug  6 09:43:19 prplOS obuspa[5897]: Error on STOMP connection to (host controller.cdroutertest.com, port 61613). Closing connection.
[2025-08-09 10:11:57.734] 2025 Aug  6 09:43:43 prplOS obuspa[5897]: tw_ulib_diags_lookup_host(host=controller.cdroutertest.com, acs_family_pref=Any): getaddrinfo() failed: Temporary failure in name resolution
[2025-08-09 10:11:57.735] 2025 Aug  6 09:43:43 prplOS obuspa[5897]: ERROR: STOMP failed whilst attempting to connect to (host=controller.cdroutertest.com, port=61613)
[2025-08-09 10:11:57.736] 2025 Aug  6 09:43:43 prplOS obuspa[5897]: Error on STOMP connection to (host controller.cdroutertest.com, port 61613). Closing connection.
[2025-08-09 10:12:02.732] 2025 Aug  6 09:43:48 prplOS obuspa[5897]: tw_ulib_diags_lookup_host(host=controller.cdroutertest.com, acs_family_pref=Any): getaddrinfo() failed: Temporary failure in name resolution
[2025-08-09 10:12:02.733] 2025 Aug  6 09:43:48 prplOS obuspa[5897]: ERROR: STOMP failed whilst attempting to connect to (host=controller.cdroutertest.com, port=61613)
[2025-08-09 10:12:02.734] 2025 Aug  6 09:43:48 prplOS obuspa[5897]: Error on STOMP connection to (host controller.cdroutertest.com, port 61613). Closing connection.
[2025-08-09 10:12:08.735] 2025 Aug  6 09:43:54 prplOS tr181-dhcpv4client: mod-dhc - [!][eth0] Broadcast DISCOVER. - (dhcp_packet_send@dhcp_packet.c:641)
[2025-08-09 10:12:55.740] 2025 Aug  6 09:44:42 prplOS obuspa[5897]: tw_ulib_diags_lookup_host(host=controller.cdroutertest.com, acs_family_pref=Any): getaddrinfo() failed: Temporary failure in name resolution
[2025-08-09 10:12:55.741] 2025 Aug  6 09:44:42 prplOS obuspa[5897]: ERROR: STOMP failed whilst attempting to connect to (host=controller.cdroutertest.com, port=61613)
[2025-08-09 10:12:55.763] 2025 Aug  6 09:44:42 prplOS obuspa[5897]: Error on STOMP connection to (host controller.cdroutertest.com, port 61613). Closing connection.
[2025-08-09 10:13:10.740] 2025 Aug  6 09:44:56 prplOS obuspa[5897]: tw_ulib_diags_lookup_host(host=controller.cdroutertest.com, acs_family_pref=Any): getaddrinfo() failed: Temporary failure in name resolution
[2025-08-09 10:13:10.741] 2025 Aug  6 09:44:56 prplOS obuspa[5897]: ERROR: STOMP failed whilst attempting to connect to (host=controller.cdroutertest.com, port=61613)
[2025-08-09 10:13:10.741] 2025 Aug  6 09:44:56 prplOS obuspa[5897]: Error on STOMP connection to (host controller.cdroutertest.com, port 61613). Closing connection.
[2025-08-09 10:13:11.741] 2025 Aug  6 09:44:57 prplOS tr181-dhcpv4client: mod-dhc - [!][eth0] Broadcast DISCOVER. - (dhcp_packet_send@dhcp_packet.c:641)
[2025-08-09 10:13:27.742] 2025 Aug  6 09:45:13 prplOS obuspa[5897]: tw_ulib_diags_lookup_host(host=controller.cdroutertest.com, acs_family_pref=Any): getaddrinfo() failed: Temporary failure in name resolution
[2025-08-09 10:13:27.743] 2025 Aug  6 09:45:13 prplOS obuspa[5897]: ERROR: STOMP failed whilst attempting to connect to (host=controller.cdroutertest.com, port=61613)
[2025-08-09 10:13:27.744] 2025 Aug  6 09:45:13 prplOS obuspa[5897]: Error on STOMP connection to (host controller.cdroutertest.com, port 61613). Closing connection.
[2025-08-09 10:13:59.745] 2025 Aug  6 09:45:45 prplOS obuspa[5897]: tw_ulib_diags_lookup_host(host=controller.cdroutertest.com, acs_family_pref=Any): getaddrinfo() failed: Temporary failure in name resolution
[2025-08-09 10:13:59.747] 2025 Aug  6 09:45:45 prplOS obuspa[5897]: ERROR: STOMP failed whilst attempting to connect to (host=controller.cdroutertest.com, port=61613)
[2025-08-09 10:13:59.747] 2025 Aug  6 09:45:45 prplOS obuspa[5897]: Error on STOMP connection to (host controller.cdroutertest.com, port 61613). Closing connection.
[2025-08-09 10:14:14.747] 2025 Aug  6 09:46:00 prplOS tr181-dhcpv4client: mod-dhc - [!][eth0] Broadcast DISCOVER. - (dhcp_packet_send@dhcp_packet.c:641)
[2025-08-09 10:14:46.750] 2025 Aug  6 09:46:32 prplOS obuspa[5897]: tw_ulib_diags_lookup_host(host=controller.cdroutertest.com, acs_family_pref=Any): getaddrinfo() failed: Temporary failure in name resolution
[2025-08-09 10:14:46.751] 2025 Aug  6 09:46:32 prplOS obuspa[5897]: ERROR: STOMP failed whilst attempting to connect to (host=controller.cdroutertest.com, port=61613)
[2025-08-09 10:14:46.752] 2025 Aug  6 09:46:32 prplOS obuspa[5897]: Error on STOMP connection to (host controller.cdroutertest.com, port 61613). Closing connection.
[2025-08-09 10:15:17.753] 2025 Aug  6 09:47:03 prplOS tr181-dhcpv4client: mod-dhc - [!][eth0] Broadcast DISCOVER. - (dhcp_packet_send@dhcp_packet.c:641)
[2025-08-09 10:15:19.754] 2025 Aug  6 09:47:05 prplOS obuspa[5897]: tw_ulib_diags_lookup_host(host=controller.cdroutertest.com, acs_family_pref=Any): getaddrinfo() failed: Temporary failure in name resolution
[2025-08-09 10:15:19.755] 2025 Aug  6 09:47:05 prplOS obuspa[5897]: ERROR: STOMP failed whilst attempting to connect to (host=controller.cdroutertest.com, port=61613)
[2025-08-09 10:15:19.756] 2025 Aug  6 09:47:05 prplOS obuspa[5897]: Error on STOMP connection to (host controller.cdroutertest.com, port 61613). Closing connection.
[2025-08-09 10:15:32.756] 2025 Aug  6 09:47:18 prplOS obuspa[5897]: tw_ulib_diags_lookup_host(host=controller.cdroutertest.com, acs_family_pref=Any): getaddrinfo() failed: Temporary failure in name resolution
[2025-08-09 10:15:32.757] 2025 Aug  6 09:47:18 prplOS obuspa[5897]: ERROR: STOMP failed whilst attempting to connect to (host=controller.cdroutertest.com, port=61613)
[2025-08-09 10:15:32.758] 2025 Aug  6 09:47:18 prplOS obuspa[5897]: Error on STOMP connection to (host controller.cdroutertest.com, port 61613). Closing connection.
[2025-08-09 10:16:11.760] 2025 Aug  6 09:47:57 prplOS obuspa[5897]: tw_ulib_diags_lookup_host(host=controller.cdroutertest.com, acs_family_pref=Any): getaddrinfo() failed: Temporary failure in name resolution
[2025-08-09 10:16:11.761] 2025 Aug  6 09:47:57 prplOS obuspa[5897]: ERROR: STOMP failed whilst attempting to connect to (host=controller.cdroutertest.com, port=61613)
[2025-08-09 10:16:11.762] 2025 Aug  6 09:47:57 prplOS obuspa[5897]: Error on STOMP connection to (host controller.cdroutertest.com, port 61613). Closing connection.
[2025-08-09 10:16:20.760] 2025 Aug  6 09:48:06 prplOS tr181-dhcpv4client: mod-dhc - [!][eth0] Broadcast DISCOVER. - (dhcp_packet_send@dhcp_packet.c:641)
[2025-08-09 10:16:33.761] 2025 Aug  6 09:48:19 prplOS obuspa[5897]: tw_ulib_diags_lookup_host(host=controller.cdroutertest.com, acs_family_pref=Any): getaddrinfo() failed: Temporary failure in name resolution
[2025-08-09 10:16:33.762] 2025 Aug  6 09:48:19 prplOS obuspa[5897]: ERROR: STOMP failed whilst attempting to connect to (host=controller.cdroutertest.com, port=61613)
[2025-08-09 10:16:33.763] 2025 Aug  6 09:48:19 prplOS obuspa[5897]: Error on STOMP connection to (host controller.cdroutertest.com, port 61613). Closing connection.
[2025-08-09 10:16:58.764] 2025 Aug  6 09:48:44 prplOS obuspa[5897]: tw_ulib_diags_lookup_host(host=controller.cdroutertest.com, acs_family_pref=Any): getaddrinfo() failed: Temporary failure in name resolution
[2025-08-09 10:16:58.765] 2025 Aug  6 09:48:44 prplOS obuspa[5897]: ERROR: STOMP failed whilst attempting to connect to (host=controller.cdroutertest.com, port=61613)
[2025-08-09 10:16:58.765] 2025 Aug  6 09:48:44 prplOS obuspa[5897]: Error on STOMP connection to (host controller.cdroutertest.com, port 61613). Closing connection.
[2025-08-09 10:17:07.765] 2025 Aug  6 09:48:53 prplOS obuspa[5897]: tw_ulib_diags_lookup_host(host=controller.cdroutertest.com, acs_family_pref=Any): getaddrinfo() failed: Temporary failure in name resolution
[2025-08-09 10:17:07.766] 2025 Aug  6 09:48:53 prplOS obuspa[5897]: ERROR: STOMP failed whilst attempting to connect to (host=controller.cdroutertest.com, port=61613)
[2025-08-09 10:17:07.767] 2025 Aug  6 09:48:53 prplOS obuspa[5897]: Error on STOMP connection to (host controller.cdroutertest.com, port 61613). Closing connection.
[2025-08-09 10:17:17.766] 2025 Aug  6 09:49:03 prplOS obuspa[5897]: tw_ulib_diags_lookup_host(host=controller.cdroutertest.com, acs_family_pref=Any): getaddrinfo() failed: Temporary failure in name resolution
[2025-08-09 10:17:17.767] 2025 Aug  6 09:49:03 prplOS obuspa[5897]: ERROR: STOMP failed whilst attempting to connect to (host=controller.cdroutertest.com, port=61613)
[2025-08-09 10:17:17.768] 2025 Aug  6 09:49:03 prplOS obuspa[5897]: Error on STOMP connection to (host controller.cdroutertest.com, port 61613). Closing connection.
[2025-08-09 10:17:21.766] 2025 Aug  6 09:49:07 prplOS obuspa[5897]: tw_ulib_diags_lookup_host(host=controller.cdroutertest.com, acs_family_pref=Any): getaddrinfo() failed: Temporary failure in name resolution
[2025-08-09 10:17:21.767] 2025 Aug  6 09:49:07 prplOS obuspa[5897]: ERROR: STOMP failed whilst attempting to connect to (host=controller.cdroutertest.com, port=61613)
[2025-08-09 10:17:21.768] 2025 Aug  6 09:49:07 prplOS obuspa[5897]: Error on STOMP connection to (host controller.cdroutertest.com, port 61613). Closing connection.
[2025-08-09 10:17:23.767] 2025 Aug  6 09:49:09 prplOS obuspa[5897]: tw_ulib_diags_lookup_host(host=controller.cdroutertest.com, acs_family_pref=Any): getaddrinfo() failed: Temporary failure in name resolution
[2025-08-09 10:17:23.768] 2025 Aug  6 09:49:09 prplOS obuspa[5897]: ERROR: STOMP failed whilst attempting to connect to (host=controller.cdroutertest.com, port=61613)
[2025-08-09 10:17:23.769] 2025 Aug  6 09:49:09 prplOS obuspa[5897]: Error on STOMP connection to (host controller.cdroutertest.com, port 61613). Closing connection.
[2025-08-09 10:17:23.770] 2025 Aug  6 09:49:09 prplOS tr181-dhcpv4client: mod-dhc - [!][eth0] Broadcast DISCOVER. - (dhcp_packet_send@dhcp_packet.c:641)
[2025-08-09 10:18:02.770] 2025 Aug  6 09:49:48 prplOS obuspa[5897]: tw_ulib_diags_lookup_host(host=controller.cdroutertest.com, acs_family_pref=Any): getaddrinfo() failed: Temporary failure in name resolution
[2025-08-09 10:18:02.771] 2025 Aug  6 09:49:48 prplOS obuspa[5897]: ERROR: STOMP failed whilst attempting to connect to (host=controller.cdroutertest.com, port=61613)
[2025-08-09 10:18:02.772] 2025 Aug  6 09:49:48 prplOS obuspa[5897]: Error on STOMP connection to (host controller.cdroutertest.com, port 61613). Closing connection.
[2025-08-09 10:18:14.772] 2025 Aug  6 09:50:00 prplOS crond[5987]: USER root pid 12351 cmd /usr/sbin/logrotate /etc/logrotate.conf
[2025-08-09 10:18:26.774] 2025 Aug  6 09:50:12 prplOS obuspa[5897]: tw_ulib_diags_lookup_host(host=controller.cdroutertest.com, acs_family_pref=Any): getaddrinfo() failed: Temporary failure in name resolution
[2025-08-09 10:18:26.775] 2025 Aug  6 09:50:12 prplOS obuspa[5897]: ERROR: STOMP failed whilst attempting to connect to (host=controller.cdroutertest.com, port=61613)
[2025-08-09 10:18:26.776] 2025 Aug  6 09:50:12 prplOS obuspa[5897]: Error on STOMP connection to (host controller.cdroutertest.com, port 61613). Closing connection.
[2025-08-09 10:18:26.777] 2025 Aug  6 09:50:12 prplOS tr181-dhcpv4client: mod-dhc - [!][eth0] Broadcast DISCOVER. - (dhcp_packet_send@dhcp_packet.c:641)
[2025-08-09 10:19:11.778] 2025 Aug  6 09:50:57 prplOS obuspa[5897]: tw_ulib_diags_lookup_host(host=controller.cdroutertest.com, acs_family_pref=Any): getaddrinfo() failed: Temporary failure in name resolution
[2025-08-09 10:19:11.779] 2025 Aug  6 09:50:57 prplOS obuspa[5897]: ERROR: STOMP failed whilst attempting to connect to (host=controller.cdroutertest.com, port=61613)
[2025-08-09 10:19:11.780] 2025 Aug  6 09:50:57 prplOS obuspa[5897]: Error on STOMP connection to (host controller.cdroutertest.com, port 61613). Closing connection.
[2025-08-09 10:19:29.780] 2025 Aug  6 09:51:15 prplOS tr181-dhcpv4client: mod-dhc - [!][eth0] Broadcast DISCOVER. - (dhcp_packet_send@dhcp_packet.c:641)
[2025-08-09 10:20:03.784] 2025 Aug  6 09:51:49 prplOS obuspa[5897]: tw_ulib_diags_lookup_host(host=controller.cdroutertest.com, acs_family_pref=Any): getaddrinfo() failed: Temporary failure in name resolution
[2025-08-09 10:20:03.785] 2025 Aug  6 09:51:49 prplOS obuspa[5897]: ERROR: STOMP failed whilst attempting to connect to (host=controller.cdroutertest.com, port=61613)
[2025-08-09 10:20:03.786] 2025 Aug  6 09:51:49 prplOS obuspa[5897]: Error on STOMP connection to (host controller.cdroutertest.com, port 61613). Closing connection.
[2025-08-09 10:20:32.786] 2025 Aug  6 09:52:18 prplOS tr181-dhcpv4client: mod-dhc - [!][eth0] Broadcast DISCOVER. - (dhcp_packet_send@dhcp_packet.c:641)
[2025-08-09 10:20:50.789] 2025 Aug  6 09:52:36 prplOS obuspa[5897]: tw_ulib_diags_lookup_host(host=controller.cdroutertest.com, acs_family_pref=Any): getaddrinfo() failed: Temporary failure in name resolution
[2025-08-09 10:20:50.790] 2025 Aug  6 09:52:36 prplOS obuspa[5897]: ERROR: STOMP failed whilst attempting to connect to (host=controller.cdroutertest.com, port=61613)
[2025-08-09 10:20:50.791] 2025 Aug  6 09:52:36 prplOS obuspa[5897]: Error on STOMP connection to (host controller.cdroutertest.com, port 61613). Closing connection.
[2025-08-09 10:21:25.792] 2025 Aug  6 09:53:11 prplOS obuspa[5897]: tw_ulib_diags_lookup_host(host=controller.cdroutertest.com, acs_family_pref=Any): getaddrinfo() failed: Temporary failure in name resolution
[2025-08-09 10:21:25.793] 2025 Aug  6 09:53:11 prplOS obuspa[5897]: ERROR: STOMP failed whilst attempting to connect to (host=controller.cdroutertest.com, port=61613)
[2025-08-09 10:21:25.794] 2025 Aug  6 09:53:11 prplOS obuspa[5897]: Error on STOMP connection to (host controller.cdroutertest.com, port 61613). Closing connection.
[2025-08-09 10:21:28.793] 2025 Aug  6 09:53:14 prplOS obuspa[5897]: tw_ulib_diags_lookup_host(host=controller.cdroutertest.com, acs_family_pref=Any): getaddrinfo() failed: Temporary failure in name resolution
[2025-08-09 10:21:28.795] 2025 Aug  6 09:53:14 prplOS obuspa[5897]: ERROR: STOMP failed whilst attempting to connect to (host=controller.cdroutertest.com, port=61613)
[2025-08-09 10:21:28.796] 2025 Aug  6 09:53:14 prplOS obuspa[5897]: Error on STOMP connection to (host controller.cdroutertest.com, port 61613). Closing connection.
[2025-08-09 10:21:35.793] 2025 Aug  6 09:53:21 prplOS tr181-dhcpv4client: mod-dhc - [!][eth0] Broadcast DISCOVER. - (dhcp_packet_send@dhcp_packet.c:641)
[2025-08-09 10:22:24.798] 2025 Aug  6 09:54:10 prplOS obuspa[5897]: tw_ulib_diags_lookup_host(host=controller.cdroutertest.com, acs_family_pref=Any): getaddrinfo() failed: Temporary failure in name resolution
[2025-08-09 10:22:24.800] 2025 Aug  6 09:54:10 prplOS obuspa[5897]: ERROR: STOMP failed whilst attempting to connect to (host=controller.cdroutertest.com, port=61613)
[2025-08-09 10:22:24.801] 2025 Aug  6 09:54:10 prplOS obuspa[5897]: Error on STOMP connection to (host controller.cdroutertest.com, port 61613). Closing connection.
[2025-08-09 10:22:38.800] 2025 Aug  6 09:54:24 prplOS tr181-dhcpv4client: mod-dhc - [!][eth0] Broadcast DISCOVER. - (dhcp_packet_send@dhcp_packet.c:641)
[2025-08-09 10:22:42.801] 2025 Aug  6 09:54:28 prplOS obuspa[5897]: tw_ulib_diags_lookup_host(host=controller.cdroutertest.com, acs_family_pref=Any): getaddrinfo() failed: Temporary failure in name resolution
[2025-08-09 10:22:42.802] 2025 Aug  6 09:54:28 prplOS obuspa[5897]: ERROR: STOMP failed whilst attempting to connect to (host=controller.cdroutertest.com, port=61613)
[2025-08-09 10:22:42.803] 2025 Aug  6 09:54:28 prplOS obuspa[5897]: Error on STOMP connection to (host controller.cdroutertest.com, port 61613). Closing connection.
[2025-08-09 10:23:34.805] 2025 Aug  6 09:55:20 prplOS obuspa[5897]: tw_ulib_diags_lookup_host(host=controller.cdroutertest.com, acs_family_pref=Any): getaddrinfo() failed: Temporary failure in name resolution
[2025-08-09 10:23:34.806] 2025 Aug  6 09:55:20 prplOS obuspa[5897]: ERROR: STOMP failed whilst attempting to connect to (host=controller.cdroutertest.com, port=61613)
[2025-08-09 10:23:34.807] 2025 Aug  6 09:55:20 prplOS obuspa[5897]: Error on STOMP connection to (host controller.cdroutertest.com, port 61613). Closing connection.
[2025-08-09 10:23:41.807] 2025 Aug  6 09:55:27 prplOS tr181-dhcpv4client: mod-dhc - [!][eth0] Broadcast DISCOVER. - (dhcp_packet_send@dhcp_packet.c:641)
[2025-08-09 10:23:52.807] 2025 Aug  6 09:55:38 prplOS obuspa[5897]: tw_ulib_diags_lookup_host(host=controller.cdroutertest.com, acs_family_pref=Any): getaddrinfo() failed: Temporary failure in name resolution
[2025-08-09 10:23:52.808] 2025 Aug  6 09:55:38 prplOS obuspa[5897]: ERROR: STOMP failed whilst attempting to connect to (host=controller.cdroutertest.com, port=61613)
[2025-08-09 10:23:52.809] 2025 Aug  6 09:55:38 prplOS obuspa[5897]: Error on STOMP connection to (host controller.cdroutertest.com, port 61613). Closing connection.
[2025-08-09 10:24:01.808] 2025 Aug  6 09:55:47 prplOS obuspa[5897]: tw_ulib_diags_lookup_host(host=controller.cdroutertest.com, acs_family_pref=Any): getaddrinfo() failed: Temporary failure in name resolution
[2025-08-09 10:24:01.809] 2025 Aug  6 09:55:47 prplOS obuspa[5897]: ERROR: STOMP failed whilst attempting to connect to (host=controller.cdroutertest.com, port=61613)
[2025-08-09 10:24:01.810] 2025 Aug  6 09:55:47 prplOS obuspa[5897]: Error on STOMP connection to (host controller.cdroutertest.com, port 61613). Closing connection.
[2025-08-09 10:24:28.812] 2025 Aug  6 09:56:14 prplOS obuspa[5897]: tw_ulib_diags_lookup_host(host=controller.cdroutertest.com, acs_family_pref=Any): getaddrinfo() failed: Temporary failure in name resolution
[2025-08-09 10:24:28.813] 2025 Aug  6 09:56:14 prplOS obuspa[5897]: ERROR: STOMP failed whilst attempting to connect to (host=controller.cdroutertest.com, port=61613)
[2025-08-09 10:24:28.813] 2025 Aug  6 09:56:14 prplOS obuspa[5897]: Error on STOMP connection to (host controller.cdroutertest.com, port 61613). Closing connection.
[2025-08-09 10:24:44.813] 2025 Aug  6 09:56:30 prplOS tr181-dhcpv4client: mod-dhc - [!][eth0] Broadcast DISCOVER. - (dhcp_packet_send@dhcp_packet.c:641)
[2025-08-09 10:25:26.817] 2025 Aug  6 09:57:12 prplOS obuspa[5897]: tw_ulib_diags_lookup_host(host=controller.cdroutertest.com, acs_family_pref=Any): getaddrinfo() failed: Temporary failure in name resolution
[2025-08-09 10:25:26.818] 2025 Aug  6 09:57:12 prplOS obuspa[5897]: ERROR: STOMP failed whilst attempting to connect to (host=controller.cdroutertest.com, port=61613)
[2025-08-09 10:25:26.819] 2025 Aug  6 09:57:12 prplOS obuspa[5897]: Error on STOMP connection to (host controller.cdroutertest.com, port 61613). Closing connection.
[2025-08-09 10:25:43.819] 2025 Aug  6 09:57:29 prplOS obuspa[5897]: tw_ulib_diags_lookup_host(host=controller.cdroutertest.com, acs_family_pref=Any): getaddrinfo() failed: Temporary failure in name resolution
[2025-08-09 10:25:43.820] 2025 Aug  6 09:57:29 prplOS obuspa[5897]: ERROR: STOMP failed whilst attempting to connect to (host=controller.cdroutertest.com, port=61613)
[2025-08-09 10:25:43.821] 2025 Aug  6 09:57:29 prplOS obuspa[5897]: Error on STOMP connection to (host controller.cdroutertest.com, port 61613). Closing connection.
[2025-08-09 10:25:47.820] 2025 Aug  6 09:57:33 prplOS tr181-dhcpv4client: mod-dhc - [!][eth0] Broadcast DISCOVER. - (dhcp_packet_send@dhcp_packet.c:641)
[2025-08-09 10:26:07.821] 2025 Aug  6 09:57:53 prplOS obuspa[5897]: tw_ulib_diags_lookup_host(host=controller.cdroutertest.com, acs_family_pref=Any): getaddrinfo() failed: Temporary failure in name resolution
[2025-08-09 10:26:07.822] 2025 Aug  6 09:57:53 prplOS obuspa[5897]: ERROR: STOMP failed whilst attempting to connect to (host=controller.cdroutertest.com, port=61613)
[2025-08-09 10:26:07.823] 2025 Aug  6 09:57:53 prplOS obuspa[5897]: Error on STOMP connection to (host controller.cdroutertest.com, port 61613). Closing connection.
[2025-08-09 10:26:34.824] 2025 Aug  6 09:58:21 prplOS obuspa[5897]: tw_ulib_diags_lookup_host(host=controller.cdroutertest.com, acs_family_pref=Any): getaddrinfo() failed: Temporary failure in name resolution
[2025-08-09 10:26:34.825] 2025 Aug  6 09:58:21 prplOS obuspa[5897]: ERROR: STOMP failed whilst attempting to connect to (host=controller.cdroutertest.com, port=61613)
[2025-08-09 10:26:34.826] 2025 Aug  6 09:58:21 prplOS obuspa[5897]: Error on STOMP connection to (host controller.cdroutertest.com, port 61613). Closing connection.
[2025-08-09 10:26:50.825] 2025 Aug  6 09:58:36 prplOS tr181-dhcpv4client: mod-dhc - [!][eth0] Broadcast DISCOVER. - (dhcp_packet_send@dhcp_packet.c:641)
[2025-08-09 10:27:17.828] 2025 Aug  6 09:59:04 prplOS obuspa[5897]: tw_ulib_diags_lookup_host(host=controller.cdroutertest.com, acs_family_pref=Any): getaddrinfo() failed: Temporary failure in name resolution
[2025-08-09 10:27:17.829] 2025 Aug  6 09:59:04 prplOS obuspa[5897]: ERROR: STOMP failed whilst attempting to connect to (host=controller.cdroutertest.com, port=61613)
[2025-08-09 10:27:17.830] 2025 Aug  6 09:59:04 prplOS obuspa[5897]: Error on STOMP connection to (host controller.cdroutertest.com, port 61613). Closing connection.
[2025-08-09 10:27:51.831] 2025 Aug  6 09:59:38 prplOS obuspa[5897]: tw_ulib_diags_lookup_host(host=controller.cdroutertest.com, acs_family_pref=Any): getaddrinfo() failed: Temporary failure in name resolution
[2025-08-09 10:27:51.831] 2025 Aug  6 09:59:38 prplOS obuspa[5897]: ERROR: STOMP failed whilst attempting to connect to (host=controller.cdroutertest.com, port=61613)
[2025-08-09 10:27:51.832] 2025 Aug  6 09:59:38 prplOS obuspa[5897]: Error on STOMP connection to (host controller.cdroutertest.com, port 61613). Closing connection.
[2025-08-09 10:27:53.832] 2025 Aug  6 09:59:39 prplOS tr181-dhcpv4client: mod-dhc - [!][eth0] Broadcast DISCOVER. - (dhcp_packet_send@dhcp_packet.c:641)
[2025-08-09 10:27:56.832] 2025 Aug  6 09:59:43 prplOS obuspa[5897]: tw_ulib_diags_lookup_host(host=controller.cdroutertest.com, acs_family_pref=Any): getaddrinfo() failed: Temporary failure in name resolution
[2025-08-09 10:27:56.833] 2025 Aug  6 09:59:43 prplOS obuspa[5897]: ERROR: STOMP failed whilst attempting to connect to (host=controller.cdroutertest.com, port=61613)
[2025-08-09 10:27:56.834] 2025 Aug  6 09:59:43 prplOS obuspa[5897]: Error on STOMP connection to (host controller.cdroutertest.com, port 61613). Closing connection.
[2025-08-09 10:28:14.834] 2025 Aug  6 10:00:00 prplOS crond[5987]: USER root pid 12479 cmd /usr/sbin/logrotate /etc/logrotate.conf
[2025-08-09 10:28:43.837] 2025 Aug  6 10:00:29 prplOS obuspa[5897]: tw_ulib_diags_lookup_host(host=controller.cdroutertest.com, acs_family_pref=Any): getaddrinfo() failed: Temporary failure in name resolution
[2025-08-09 10:28:43.838] 2025 Aug  6 10:00:29 prplOS obuspa[5897]: ERROR: STOMP failed whilst attempting to connect to (host=controller.cdroutertest.com, port=61613)
[2025-08-09 10:28:43.839] 2025 Aug  6 10:00:29 prplOS obuspa[5897]: Error on STOMP connection to (host controller.cdroutertest.com, port 61613). Closing connection.
[2025-08-09 10:28:56.840] 2025 Aug  6 10:00:42 prplOS tr181-dhcpv4client: mod-dhc - [!][eth0] Broadcast DISCOVER. - (dhcp_packet_send@dhcp_packet.c:641)
[2025-08-09 10:29:04.841] 2025 Aug  6 10:00:50 prplOS obuspa[5897]: tw_ulib_diags_lookup_host(host=controller.cdroutertest.com, acs_family_pref=Any): getaddrinfo() failed: Temporary failure in name resolution
[2025-08-09 10:29:04.842] 2025 Aug  6 10:00:50 prplOS obuspa[5897]: ERROR: STOMP failed whilst attempting to connect to (host=controller.cdroutertest.com, port=61613)
[2025-08-09 10:29:04.843] 2025 Aug  6 10:00:50 prplOS obuspa[5897]: Error on STOMP connection to (host controller.cdroutertest.com, port 61613). Closing connection.
[2025-08-09 10:29:44.846] 2025 Aug  6 10:01:30 prplOS obuspa[5897]: tw_ulib_diags_lookup_host(host=controller.cdroutertest.com, acs_family_pref=Any): getaddrinfo() failed: Temporary failure in name resolution
[2025-08-09 10:29:44.847] 2025 Aug  6 10:01:30 prplOS obuspa[5897]: ERROR: STOMP failed whilst attempting to connect to (host=controller.cdroutertest.com, port=61613)
[2025-08-09 10:29:44.848] 2025 Aug  6 10:01:30 prplOS obuspa[5897]: Error on STOMP connection to (host controller.cdroutertest.com, port 61613). Closing connection.
[2025-08-09 10:29:59.848] 2025 Aug  6 10:01:45 prplOS tr181-dhcpv4client: mod-dhc - [!][eth0] Broadcast DISCOVER. - (dhcp_packet_send@dhcp_packet.c:641)
[2025-08-09 10:30:13.850] 2025 Aug  6 10:01:59 prplOS obuspa[5897]: tw_ulib_diags_lookup_host(host=controller.cdroutertest.com, acs_family_pref=Any): getaddrinfo() failed: Temporary failure in name resolution
[2025-08-09 10:30:13.851] 2025 Aug  6 10:01:59 prplOS obuspa[5897]: ERROR: STOMP failed whilst attempting to connect to (host=controller.cdroutertest.com, port=61613)
[2025-08-09 10:30:13.852] 2025 Aug  6 10:01:59 prplOS obuspa[5897]: Error on STOMP connection to (host controller.cdroutertest.com, port 61613). Closing connection.
[2025-08-09 10:30:48.855] 2025 Aug  6 10:02:34 prplOS obuspa[5897]: tw_ulib_diags_lookup_host(host=controller.cdroutertest.com, acs_family_pref=Any): getaddrinfo() failed: Temporary failure in name resolution
[2025-08-09 10:30:48.856] 2025 Aug  6 10:02:34 prplOS obuspa[5897]: ERROR: STOMP failed whilst attempting to connect to (host=controller.cdroutertest.com, port=61613)
[2025-08-09 10:30:48.857] 2025 Aug  6 10:02:34 prplOS obuspa[5897]: Error on STOMP connection to (host controller.cdroutertest.com, port 61613). Closing connection.
[2025-08-09 10:31:02.857] 2025 Aug  6 10:02:48 prplOS tr181-dhcpv4client: mod-dhc - [!][eth0] Broadcast DISCOVER. - (dhcp_packet_send@dhcp_packet.c:641)
[2025-08-09 10:31:23.859] 2025 Aug  6 10:03:09 prplOS obuspa[5897]: tw_ulib_diags_lookup_host(host=controller.cdroutertest.com, acs_family_pref=Any): getaddrinfo() failed: Temporary failure in name resolution
[2025-08-09 10:31:23.860] 2025 Aug  6 10:03:09 prplOS obuspa[5897]: ERROR: STOMP failed whilst attempting to connect to (host=controller.cdroutertest.com, port=61613)
[2025-08-09 10:31:23.861] 2025 Aug  6 10:03:09 prplOS obuspa[5897]: Error on STOMP connection to (host controller.cdroutertest.com, port 61613). Closing connection.
[2025-08-09 10:31:41.861] 2025 Aug  6 10:03:27 prplOS obuspa[5897]: tw_ulib_diags_lookup_host(host=controller.cdroutertest.com, acs_family_pref=Any): getaddrinfo() failed: Temporary failure in name resolution
[2025-08-09 10:31:41.862] 2025 Aug  6 10:03:27 prplOS obuspa[5897]: ERROR: STOMP failed whilst attempting to connect to (host=controller.cdroutertest.com, port=61613)
[2025-08-09 10:31:41.863] 2025 Aug  6 10:03:27 prplOS obuspa[5897]: Error on STOMP connection to (host controller.cdroutertest.com, port 61613). Closing connection.
[2025-08-09 10:31:53.862] 2025 Aug  6 10:03:39 prplOS obuspa[5897]: tw_ulib_diags_lookup_host(host=controller.cdroutertest.com, acs_family_pref=Any): getaddrinfo() failed: Temporary failure in name resolution
[2025-08-09 10:31:53.863] 2025 Aug  6 10:03:39 prplOS obuspa[5897]: ERROR: STOMP failed whilst attempting to connect to (host=controller.cdroutertest.com, port=61613)
[2025-08-09 10:31:53.864] 2025 Aug  6 10:03:39 prplOS obuspa[5897]: Error on STOMP connection to (host controller.cdroutertest.com, port 61613). Closing connection.
[2025-08-09 10:32:05.865] 2025 Aug  6 10:03:51 prplOS tr181-dhcpv4client: mod-dhc - [!][eth0] Broadcast DISCOVER. - (dhcp_packet_send@dhcp_packet.c:641)
[2025-08-09 10:32:18.865] 2025 Aug  6 10:04:04 prplOS obuspa[5897]: tw_ulib_diags_lookup_host(host=controller.cdroutertest.com, acs_family_pref=Any): getaddrinfo() failed: Temporary failure in name resolution
[2025-08-09 10:32:18.866] 2025 Aug  6 10:04:04 prplOS obuspa[5897]: ERROR: STOMP failed whilst attempting to connect to (host=controller.cdroutertest.com, port=61613)
[2025-08-09 10:32:18.867] 2025 Aug  6 10:04:04 prplOS obuspa[5897]: Error on STOMP connection to (host controller.cdroutertest.com, port 61613). Closing connection.
[2025-08-09 10:32:53.870] 2025 Aug  6 10:04:39 prplOS obuspa[5897]: tw_ulib_diags_lookup_host(host=controller.cdroutertest.com, acs_family_pref=Any): getaddrinfo() failed: Temporary failure in name resolution
[2025-08-09 10:32:53.871] 2025 Aug  6 10:04:39 prplOS obuspa[5897]: ERROR: STOMP failed whilst attempting to connect to (host=controller.cdroutertest.com, port=61613)
[2025-08-09 10:32:53.872] 2025 Aug  6 10:04:39 prplOS obuspa[5897]: Error on STOMP connection to (host controller.cdroutertest.com, port 61613). Closing connection.
[2025-08-09 10:33:08.871] 2025 Aug  6 10:04:54 prplOS tr181-dhcpv4client: mod-dhc - [!][eth0] Broadcast DISCOVER. - (dhcp_packet_send@dhcp_packet.c:641)
[2025-08-09 10:33:20.873] 2025 Aug  6 10:05:06 prplOS obuspa[5897]: tw_ulib_diags_lookup_host(host=controller.cdroutertest.com, acs_family_pref=Any): getaddrinfo() failed: Temporary failure in name resolution
[2025-08-09 10:33:20.874] 2025 Aug  6 10:05:06 prplOS obuspa[5897]: ERROR: STOMP failed whilst attempting to connect to (host=controller.cdroutertest.com, port=61613)
[2025-08-09 10:33:20.875] 2025 Aug  6 10:05:06 prplOS obuspa[5897]: Error on STOMP connection to (host controller.cdroutertest.com, port 61613). Closing connection.
[2025-08-09 10:33:56.877] 2025 Aug  6 10:05:42 prplOS obuspa[5897]: tw_ulib_diags_lookup_host(host=controller.cdroutertest.com, acs_family_pref=Any): getaddrinfo() failed: Temporary failure in name resolution
[2025-08-09 10:33:56.878] 2025 Aug  6 10:05:42 prplOS obuspa[5897]: ERROR: STOMP failed whilst attempting to connect to (host=controller.cdroutertest.com, port=61613)
[2025-08-09 10:33:56.879] 2025 Aug  6 10:05:42 prplOS obuspa[5897]: Error on STOMP connection to (host controller.cdroutertest.com, port 61613). Closing connection.
[2025-08-09 10:34:11.879] 2025 Aug  6 10:05:57 prplOS tr181-dhcpv4client: mod-dhc - [!][eth0] Broadcast DISCOVER. - (dhcp_packet_send@dhcp_packet.c:641)
[2025-08-09 10:34:38.882] 2025 Aug  6 10:06:24 prplOS obuspa[5897]: tw_ulib_diags_lookup_host(host=controller.cdroutertest.com, acs_family_pref=Any): getaddrinfo() failed: Temporary failure in name resolution
[2025-08-09 10:34:38.883] 2025 Aug  6 10:06:24 prplOS obuspa[5897]: ERROR: STOMP failed whilst attempting to connect to (host=controller.cdroutertest.com, port=61613)
[2025-08-09 10:34:38.884] 2025 Aug  6 10:06:24 prplOS obuspa[5897]: Error on STOMP connection to (host controller.cdroutertest.com, port 61613). Closing connection.
[2025-08-09 10:35:14.886] 2025 Aug  6 10:07:00 prplOS tr181-dhcpv4client: mod-dhc - [!][eth0] Broadcast DISCOVER. - (dhcp_packet_send@dhcp_packet.c:641)
[2025-08-09 10:35:17.886] 2025 Aug  6 10:07:03 prplOS obuspa[5897]: tw_ulib_diags_lookup_host(host=controller.cdroutertest.com, acs_family_pref=Any): getaddrinfo() failed: Temporary failure in name resolution
[2025-08-09 10:35:17.887] 2025 Aug  6 10:07:03 prplOS obuspa[5897]: ERROR: STOMP failed whilst attempting to connect to (host=controller.cdroutertest.com, port=61613)
[2025-08-09 10:35:17.888] 2025 Aug  6 10:07:03 prplOS obuspa[5897]: Error on STOMP connection to (host controller.cdroutertest.com, port 61613). Closing connection.
[2025-08-09 10:35:58.892] 2025 Aug  6 10:07:44 prplOS obuspa[5897]: tw_ulib_diags_lookup_host(host=controller.cdroutertest.com, acs_family_pref=Any): getaddrinfo() failed: Temporary failure in name resolution
[2025-08-09 10:35:58.893] 2025 Aug  6 10:07:44 prplOS obuspa[5897]: ERROR: STOMP failed whilst attempting to connect to (host=controller.cdroutertest.com, port=61613)
[2025-08-09 10:35:58.894] 2025 Aug  6 10:07:44 prplOS obuspa[5897]: Error on STOMP connection to (host controller.cdroutertest.com, port 61613). Closing connection.
[2025-08-09 10:36:17.894] 2025 Aug  6 10:08:03 prplOS tr181-dhcpv4client: mod-dhc - [!][eth0] Broadcast DISCOVER. - (dhcp_packet_send@dhcp_packet.c:641)
[2025-08-09 10:36:45.897] 2025 Aug  6 10:08:31 prplOS obuspa[5897]: tw_ulib_diags_lookup_host(host=controller.cdroutertest.com, acs_family_pref=Any): getaddrinfo() failed: Temporary failure in name resolution
[2025-08-09 10:36:45.898] 2025 Aug  6 10:08:31 prplOS obuspa[5897]: ERROR: STOMP failed whilst attempting to connect to (host=controller.cdroutertest.com, port=61613)
[2025-08-09 10:36:45.899] 2025 Aug  6 10:08:31 prplOS obuspa[5897]: Error on STOMP connection to (host controller.cdroutertest.com, port 61613). Closing connection.
[2025-08-09 10:36:52.898] 2025 Aug  6 10:08:38 prplOS obuspa[5897]: tw_ulib_diags_lookup_host(host=controller.cdroutertest.com, acs_family_pref=Any): getaddrinfo() failed: Temporary failure in name resolution
[2025-08-09 10:36:52.899] 2025 Aug  6 10:08:38 prplOS obuspa[5897]: ERROR: STOMP failed whilst attempting to connect to (host=controller.cdroutertest.com, port=61613)
[2025-08-09 10:36:52.900] 2025 Aug  6 10:08:38 prplOS obuspa[5897]: Error on STOMP connection to (host controller.cdroutertest.com, port 61613). Closing connection.
[2025-08-09 10:37:20.901] 2025 Aug  6 10:09:06 prplOS tr181-dhcpv4client: mod-dhc - [!][eth0] Broadcast DISCOVER. - (dhcp_packet_send@dhcp_packet.c:641)
[2025-08-09 10:37:22.902] 2025 Aug  6 10:09:08 prplOS obuspa[5897]: tw_ulib_diags_lookup_host(host=controller.cdroutertest.com, acs_family_pref=Any): getaddrinfo() failed: Temporary failure in name resolution
[2025-08-09 10:37:22.903] 2025 Aug  6 10:09:08 prplOS obuspa[5897]: ERROR: STOMP failed whilst attempting to connect to (host=controller.cdroutertest.com, port=61613)
[2025-08-09 10:37:22.904] 2025 Aug  6 10:09:08 prplOS obuspa[5897]: Error on STOMP connection to (host controller.cdroutertest.com, port 61613). Closing connection.
[2025-08-09 10:37:44.905] 2025 Aug  6 10:09:30 prplOS obuspa[5897]: tw_ulib_diags_lookup_host(host=controller.cdroutertest.com, acs_family_pref=Any): getaddrinfo() failed: Temporary failure in name resolution
[2025-08-09 10:37:44.906] 2025 Aug  6 10:09:30 prplOS obuspa[5897]: ERROR: STOMP failed whilst attempting to connect to (host=controller.cdroutertest.com, port=61613)
[2025-08-09 10:37:44.907] 2025 Aug  6 10:09:30 prplOS obuspa[5897]: Error on STOMP connection to (host controller.cdroutertest.com, port 61613). Closing connection.
[2025-08-09 10:38:14.909] 2025 Aug  6 10:10:00 prplOS crond[5987]: USER root pid 12609 cmd /usr/sbin/logrotate /etc/logrotate.conf
[2025-08-09 10:38:22.910] 2025 Aug  6 10:10:09 prplOS ssh_server: [USER][SYSTEM] - [!][Authentication][SSH][SUCCESS] User='root'
[2025-08-09 10:38:22.911] 2025 Aug  6 10:10:09 prplOS TEST: WebUI testing framework initialized
[2025-08-09 10:38:23.908] 2025 Aug  6 10:10:09 prplOS tr181-dhcpv4client: mod-dhc - [!][eth0] Broadcast DISCOVER. - (dhcp_packet_send@dhcp_packet.c:641)
[2025-08-09 10:38:23.909] 2025 Aug  6 10:10:10 prplOS ssh_server: [USER][SYSTEM] - [!][Authentication][SSH][SUCCESS] User='root'
[2025-08-09 10:38:24.911] 2025 Aug  6 10:10:10 prplOS ssh_server: [USER][SYSTEM] - [!][Authentication][SSH][SUCCESS] User='root'
[2025-08-09 10:38:25.910] 2025 Aug  6 10:10:11 prplOS obuspa[5897]: tw_ulib_diags_lookup_host(host=controller.cdroutertest.com, acs_family_pref=Any): getaddrinfo() failed: Temporary failure in name resolution
[2025-08-09 10:38:25.911] 2025 Aug  6 10:10:11 prplOS obuspa[5897]: ERROR: STOMP failed whilst attempting to connect to (host=controller.cdroutertest.com, port=61613)
[2025-08-09 10:38:25.912] 2025 Aug  6 10:10:11 prplOS obuspa[5897]: Error on STOMP connection to (host controller.cdroutertest.com, port 61613). Closing connection.
[2025-08-09 10:39:02.914] 2025 Aug  6 10:10:48 prplOS obuspa[5897]: tw_ulib_diags_lookup_host(host=controller.cdroutertest.com, acs_family_pref=Any): getaddrinfo() failed: Temporary failure in name resolution
[2025-08-09 10:39:02.915] 2025 Aug  6 10:10:48 prplOS obuspa[5897]: ERROR: STOMP failed whilst attempting to connect to (host=controller.cdroutertest.com, port=61613)
[2025-08-09 10:39:02.915] 2025 Aug  6 10:10:48 prplOS obuspa[5897]: Error on STOMP connection to (host controller.cdroutertest.com, port 61613). Closing connection.
[2025-08-09 10:39:26.916] 2025 Aug  6 10:11:12 prplOS tr181-dhcpv4client: mod-dhc - [!][eth0] Broadcast DISCOVER. - (dhcp_packet_send@dhcp_packet.c:641)
[2025-08-09 10:39:49.920] 2025 Aug  6 10:11:35 prplOS obuspa[5897]: tw_ulib_diags_lookup_host(host=controller.cdroutertest.com, acs_family_pref=Any): getaddrinfo() failed: Temporary failure in name resolution
[2025-08-09 10:39:49.921] 2025 Aug  6 10:11:35 prplOS obuspa[5897]: ERROR: STOMP failed whilst attempting to connect to (host=controller.cdroutertest.com, port=61613)
[2025-08-09 10:39:49.922] 2025 Aug  6 10:11:35 prplOS obuspa[5897]: Error on STOMP connection to (host controller.cdroutertest.com, port 61613). Closing connection.
[2025-08-09 10:40:21.924] 2025 Aug  6 10:12:07 prplOS obuspa[5897]: tw_ulib_diags_lookup_host(host=controller.cdroutertest.com, acs_family_pref=Any): getaddrinfo() failed: Temporary failure in name resolution
[2025-08-09 10:40:21.925] 2025 Aug  6 10:12:07 prplOS obuspa[5897]: ERROR: STOMP failed whilst attempting to connect to (host=controller.cdroutertest.com, port=61613)
[2025-08-09 10:40:21.925] 2025 Aug  6 10:12:07 prplOS obuspa[5897]: Error on STOMP connection to (host controller.cdroutertest.com, port 61613). Closing connection.
[2025-08-09 10:40:29.924] 2025 Aug  6 10:12:15 prplOS tr181-dhcpv4client: mod-dhc - [!][eth0] Broadcast DISCOVER. - (dhcp_packet_send@dhcp_packet.c:641)
[2025-08-09 10:40:44.926] 2025 Aug  6 10:12:31 prplOS obuspa[5897]: tw_ulib_diags_lookup_host(host=controller.cdroutertest.com, acs_family_pref=Any): getaddrinfo() failed: Temporary failure in name resolution
[2025-08-09 10:40:44.927] 2025 Aug  6 10:12:31 prplOS obuspa[5897]: ERROR: STOMP failed whilst attempting to connect to (host=controller.cdroutertest.com, port=61613)
[2025-08-09 10:40:44.928] 2025 Aug  6 10:12:31 prplOS obuspa[5897]: Error on STOMP connection to (host controller.cdroutertest.com, port 61613). Closing connection.
[2025-08-09 10:41:30.932] 2025 Aug  6 10:13:17 prplOS obuspa[5897]: tw_ulib_diags_lookup_host(host=controller.cdroutertest.com, acs_family_pref=Any): getaddrinfo() failed: Temporary failure in name resolution
[2025-08-09 10:41:30.933] 2025 Aug  6 10:13:17 prplOS obuspa[5897]: ERROR: STOMP failed whilst attempting to connect to (host=controller.cdroutertest.com, port=61613)
[2025-08-09 10:41:30.934] 2025 Aug  6 10:13:17 prplOS obuspa[5897]: Error on STOMP connection to (host controller.cdroutertest.com, port 61613). Closing connection.
[2025-08-09 10:41:32.932] 2025 Aug  6 10:13:18 prplOS tr181-dhcpv4client: mod-dhc - [!][eth0] Broadcast DISCOVER. - (dhcp_packet_send@dhcp_packet.c:641)
[2025-08-09 10:41:34.933] 2025 Aug  6 10:13:21 prplOS obuspa[5897]: tw_ulib_diags_lookup_host(host=controller.cdroutertest.com, acs_family_pref=Any): getaddrinfo() failed: Temporary failure in name resolution
[2025-08-09 10:41:34.934] 2025 Aug  6 10:13:21 prplOS obuspa[5897]: ERROR: STOMP failed whilst attempting to connect to (host=controller.cdroutertest.com, port=61613)
[2025-08-09 10:41:34.934] 2025 Aug  6 10:13:21 prplOS obuspa[5897]: Error on STOMP connection to (host controller.cdroutertest.com, port 61613). Closing connection.
[2025-08-09 10:41:50.935] 2025 Aug  6 10:13:37 prplOS obuspa[5897]: tw_ulib_diags_lookup_host(host=controller.cdroutertest.com, acs_family_pref=Any): getaddrinfo() failed: Temporary failure in name resolution
[2025-08-09 10:41:50.936] 2025 Aug  6 10:13:37 prplOS obuspa[5897]: ERROR: STOMP failed whilst attempting to connect to (host=controller.cdroutertest.com, port=61613)
[2025-08-09 10:41:50.937] 2025 Aug  6 10:13:37 prplOS obuspa[5897]: Error on STOMP connection to (host controller.cdroutertest.com, port 61613). Closing connection.
[2025-08-09 10:42:17.937] 2025 Aug  6 10:14:04 prplOS obuspa[5897]: tw_ulib_diags_lookup_host(host=controller.cdroutertest.com, acs_family_pref=Any): getaddrinfo() failed: Temporary failure in name resolution
[2025-08-09 10:42:17.939] 2025 Aug  6 10:14:04 prplOS obuspa[5897]: ERROR: STOMP failed whilst attempting to connect to (host=controller.cdroutertest.com, port=61613)
[2025-08-09 10:42:17.939] 2025 Aug  6 10:14:04 prplOS obuspa[5897]: Error on STOMP connection to (host controller.cdroutertest.com, port 61613). Closing connection.
[2025-08-09 10:42:26.938] 2025 Aug  6 10:14:13 prplOS obuspa[5897]: tw_ulib_diags_lookup_host(host=controller.cdroutertest.com, acs_family_pref=Any): getaddrinfo() failed: Temporary failure in name resolution
[2025-08-09 10:42:26.939] 2025 Aug  6 10:14:13 prplOS obuspa[5897]: ERROR: STOMP failed whilst attempting to connect to (host=controller.cdroutertest.com, port=61613)
[2025-08-09 10:42:26.940] 2025 Aug  6 10:14:13 prplOS obuspa[5897]: Error on STOMP connection to (host controller.cdroutertest.com, port 61613). Closing connection.
[2025-08-09 10:42:35.940] 2025 Aug  6 10:14:21 prplOS tr181-dhcpv4client: mod-dhc - [!][eth0] Broadcast DISCOVER. - (dhcp_packet_send@dhcp_packet.c:641)
[2025-08-09 10:42:44.941] 2025 Aug  6 10:14:31 prplOS obuspa[5897]: tw_ulib_diags_lookup_host(host=controller.cdroutertest.com, acs_family_pref=Any): getaddrinfo() failed: Temporary failure in name resolution
[2025-08-09 10:42:44.942] 2025 Aug  6 10:14:31 prplOS obuspa[5897]: ERROR: STOMP failed whilst attempting to connect to (host=controller.cdroutertest.com, port=61613)
[2025-08-09 10:42:44.943] 2025 Aug  6 10:14:31 prplOS obuspa[5897]: Error on STOMP connection to (host controller.cdroutertest.com, port 61613). Closing connection.
[2025-08-09 10:43:36.947] 2025 Aug  6 10:15:23 prplOS obuspa[5897]: tw_ulib_diags_lookup_host(host=controller.cdroutertest.com, acs_family_pref=Any): getaddrinfo() failed: Temporary failure in name resolution
[2025-08-09 10:43:36.948] 2025 Aug  6 10:15:23 prplOS obuspa[5897]: ERROR: STOMP failed whilst attempting to connect to (host=controller.cdroutertest.com, port=61613)
[2025-08-09 10:43:36.949] 2025 Aug  6 10:15:23 prplOS obuspa[5897]: Error on STOMP connection to (host controller.cdroutertest.com, port 61613). Closing connection.
[2025-08-09 10:43:38.948] 2025 Aug  6 10:15:24 prplOS tr181-dhcpv4client: mod-dhc - [!][eth0] Broadcast DISCOVER. - (dhcp_packet_send@dhcp_packet.c:641)
[2025-08-09 10:43:59.950] 2025 Aug  6 10:15:45 prplOS obuspa[5897]: tw_ulib_diags_lookup_host(host=controller.cdroutertest.com, acs_family_pref=Any): getaddrinfo() failed: Temporary failure in name resolution
[2025-08-09 10:43:59.951] 2025 Aug  6 10:15:45 prplOS obuspa[5897]: ERROR: STOMP failed whilst attempting to connect to (host=controller.cdroutertest.com, port=61613)
[2025-08-09 10:43:59.952] 2025 Aug  6 10:15:45 prplOS obuspa[5897]: Error on STOMP connection to (host controller.cdroutertest.com, port 61613). Closing connection.
[2025-08-09 10:44:41.956] 2025 Aug  6 10:16:27 prplOS tr181-dhcpv4client: mod-dhc - [!][eth0] Broadcast DISCOVER. - (dhcp_packet_send@dhcp_packet.c:641)
[2025-08-09 10:44:50.957] 2025 Aug  6 10:16:36 prplOS obuspa[5897]: tw_ulib_diags_lookup_host(host=controller.cdroutertest.com, acs_family_pref=Any): getaddrinfo() failed: Temporary failure in name resolution
[2025-08-09 10:44:50.958] 2025 Aug  6 10:16:36 prplOS obuspa[5897]: ERROR: STOMP failed whilst attempting to connect to (host=controller.cdroutertest.com, port=61613)
[2025-08-09 10:44:50.959] 2025 Aug  6 10:16:36 prplOS obuspa[5897]: Error on STOMP connection to (host controller.cdroutertest.com, port 61613). Closing connection.
[2025-08-09 10:45:21.962] 2025 Aug  6 10:17:07 prplOS ssh_server: [USER][SYSTEM] - [!][Authentication][SSH][SUCCESS] User='root'
[2025-08-09 10:45:21.963] 2025 Aug  6 10:17:07 prplOS TEST: WebUI testing framework initialized
[2025-08-09 10:45:22.962] 2025 Aug  6 10:17:08 prplOS ssh_server: [USER][SYSTEM] - [!][Authentication][SSH][SUCCESS] User='root'
[2025-08-09 10:45:22.963] 2025 Aug  6 10:17:08 prplOS ssh_server: [USER][SYSTEM] - [!][Authentication][SSH][SUCCESS] User='root'
[2025-08-09 10:45:40.964] 2025 Aug  6 10:17:26 prplOS obuspa[5897]: tw_ulib_diags_lookup_host(host=controller.cdroutertest.com, acs_family_pref=Any): getaddrinfo() failed: Temporary failure in name resolution
[2025-08-09 10:45:40.965] 2025 Aug  6 10:17:26 prplOS obuspa[5897]: ERROR: STOMP failed whilst attempting to connect to (host=controller.cdroutertest.com, port=61613)
[2025-08-09 10:45:40.966] 2025 Aug  6 10:17:26 prplOS obuspa[5897]: Error on STOMP connection to (host controller.cdroutertest.com, port 61613). Closing connection.
[2025-08-09 10:45:44.965] 2025 Aug  6 10:17:30 prplOS tr181-dhcpv4client: mod-dhc - [!][eth0] Broadcast DISCOVER. - (dhcp_packet_send@dhcp_packet.c:641)
[2025-08-09 10:46:21.969] 2025 Aug  6 10:18:07 prplOS obuspa[5897]: tw_ulib_diags_lookup_host(host=controller.cdroutertest.com, acs_family_pref=Any): getaddrinfo() failed: Temporary failure in name resolution
[2025-08-09 10:46:21.971] 2025 Aug  6 10:18:07 prplOS obuspa[5897]: ERROR: STOMP failed whilst attempting to connect to (host=controller.cdroutertest.com, port=61613)
[2025-08-09 10:46:21.972] 2025 Aug  6 10:18:07 prplOS obuspa[5897]: Error on STOMP connection to (host controller.cdroutertest.com, port 61613). Closing connection.
[2025-08-09 10:46:47.972] 2025 Aug  6 10:18:33 prplOS tr181-dhcpv4client: mod-dhc - [!][eth0] Broadcast DISCOVER. - (dhcp_packet_send@dhcp_packet.c:641)
[2025-08-09 10:47:17.977] 2025 Aug  6 10:19:03 prplOS obuspa[5897]: tw_ulib_diags_lookup_host(host=controller.cdroutertest.com, acs_family_pref=Any): getaddrinfo() failed: Temporary failure in name resolution
[2025-08-09 10:47:17.978] 2025 Aug  6 10:19:03 prplOS obuspa[5897]: ERROR: STOMP failed whilst attempting to connect to (host=controller.cdroutertest.com, port=61613)
[2025-08-09 10:47:17.979] 2025 Aug  6 10:19:03 prplOS obuspa[5897]: Error on STOMP connection to (host controller.cdroutertest.com, port 61613). Closing connection.
[2025-08-09 10:47:50.982] 2025 Aug  6 10:19:36 prplOS tr181-dhcpv4client: mod-dhc - [!][eth0] Broadcast DISCOVER. - (dhcp_packet_send@dhcp_packet.c:641)
[2025-08-09 10:48:14.985] 2025 Aug  6 10:20:00 prplOS crond[5987]: USER root pid 12773 cmd /usr/sbin/logrotate /etc/logrotate.conf
[2025-08-09 10:48:14.986] 2025 Aug  6 10:20:00 prplOS obuspa[5897]: tw_ulib_diags_lookup_host(host=controller.cdroutertest.com, acs_family_pref=Any): getaddrinfo() failed: Temporary failure in name resolution
[2025-08-09 10:48:14.987] 2025 Aug  6 10:20:00 prplOS obuspa[5897]: ERROR: STOMP failed whilst attempting to connect to (host=controller.cdroutertest.com, port=61613)
[2025-08-09 10:48:14.988] 2025 Aug  6 10:20:00 prplOS obuspa[5897]: Error on STOMP connection to (host controller.cdroutertest.com, port 61613). Closing connection.
[2025-08-09 10:48:24.986] 2025 Aug  6 10:20:10 prplOS crond[5987]: ignoring file 'logrotate' (no such user)
[2025-08-09 10:48:53.990] 2025 Aug  6 10:20:39 prplOS tr181-dhcpv4client: mod-dhc - [!][eth0] Broadcast DISCOVER. - (dhcp_packet_send@dhcp_packet.c:641)
[2025-08-09 10:49:13.992] 2025 Aug  6 10:20:59 prplOS obuspa[5897]: tw_ulib_diags_lookup_host(host=controller.cdroutertest.com, acs_family_pref=Any): getaddrinfo() failed: Temporary failure in name resolution
[2025-08-09 10:49:13.993] 2025 Aug  6 10:20:59 prplOS obuspa[5897]: ERROR: STOMP failed whilst attempting to connect to (host=controller.cdroutertest.com, port=61613)
[2025-08-09 10:49:13.994] 2025 Aug  6 10:20:59 prplOS obuspa[5897]: Error on STOMP connection to (host controller.cdroutertest.com, port 61613). Closing connection.
[2025-08-09 10:49:20.993] 2025 Aug  6 10:21:06 prplOS obuspa[5897]: tw_ulib_diags_lookup_host(host=controller.cdroutertest.com, acs_family_pref=Any): getaddrinfo() failed: Temporary failure in name resolution
[2025-08-09 10:49:20.995] 2025 Aug  6 10:21:06 prplOS obuspa[5897]: ERROR: STOMP failed whilst attempting to connect to (host=controller.cdroutertest.com, port=61613)
[2025-08-09 10:49:20.995] 2025 Aug  6 10:21:06 prplOS obuspa[5897]: Error on STOMP connection to (host controller.cdroutertest.com, port 61613). Closing connection.
[2025-08-09 10:49:35.995] 2025 Aug  6 10:21:21 prplOS obuspa[5897]: tw_ulib_diags_lookup_host(host=controller.cdroutertest.com, acs_family_pref=Any): getaddrinfo() failed: Temporary failure in name resolution
[2025-08-09 10:49:35.996] 2025 Aug  6 10:21:21 prplOS obuspa[5897]: ERROR: STOMP failed whilst attempting to connect to (host=controller.cdroutertest.com, port=61613)
[2025-08-09 10:49:35.997] 2025 Aug  6 10:21:21 prplOS obuspa[5897]: Error on STOMP connection to (host controller.cdroutertest.com, port 61613). Closing connection.
[2025-08-09 10:49:56.998] 2025 Aug  6 10:21:42 prplOS tr181-dhcpv4client: mod-dhc - [!][eth0] Broadcast DISCOVER. - (dhcp_packet_send@dhcp_packet.c:641)
[2025-08-09 10:50:13.000] 2025 Aug  6 10:21:58 prplOS obuspa[5897]: tw_ulib_diags_lookup_host(host=controller.cdroutertest.com, acs_family_pref=Any): getaddrinfo() failed: Temporary failure in name resolution
[2025-08-09 10:50:13.001] 2025 Aug  6 10:21:58 prplOS obuspa[5897]: ERROR: STOMP failed whilst attempting to connect to (host=controller.cdroutertest.com, port=61613)
[2025-08-09 10:50:13.002] 2025 Aug  6 10:21:58 prplOS obuspa[5897]: Error on STOMP connection to (host controller.cdroutertest.com, port 61613). Closing connection.
[2025-08-09 10:50:33.001] 2025 Aug  6 10:22:18 prplOS obuspa[5897]: tw_ulib_diags_lookup_host(host=controller.cdroutertest.com, acs_family_pref=Any): getaddrinfo() failed: Temporary failure in name resolution
[2025-08-09 10:50:33.003] 2025 Aug  6 10:22:18 prplOS obuspa[5897]: ERROR: STOMP failed whilst attempting to connect to (host=controller.cdroutertest.com, port=61613)
[2025-08-09 10:50:33.004] 2025 Aug  6 10:22:18 prplOS obuspa[5897]: Error on STOMP connection to (host controller.cdroutertest.com, port 61613). Closing connection.
[2025-08-09 10:51:00.005] 2025 Aug  6 10:22:45 prplOS tr181-dhcpv4client: mod-dhc - [!][eth0] Broadcast DISCOVER. - (dhcp_packet_send@dhcp_packet.c:641)
[2025-08-09 10:51:29.010] 2025 Aug  6 10:23:14 prplOS obuspa[5897]: tw_ulib_diags_lookup_host(host=controller.cdroutertest.com, acs_family_pref=Any): getaddrinfo() failed: Temporary failure in name resolution
[2025-08-09 10:51:29.011] 2025 Aug  6 10:23:14 prplOS obuspa[5897]: ERROR: STOMP failed whilst attempting to connect to (host=controller.cdroutertest.com, port=61613)
[2025-08-09 10:51:29.013] 2025 Aug  6 10:23:14 prplOS obuspa[5897]: Error on STOMP connection to (host controller.cdroutertest.com, port 61613). Closing connection.
[2025-08-09 10:52:03.014] 2025 Aug  6 10:23:48 prplOS tr181-dhcpv4client: mod-dhc - [!][eth0] Broadcast DISCOVER. - (dhcp_packet_send@dhcp_packet.c:641)
[2025-08-09 10:52:08.015] 2025 Aug  6 10:23:53 prplOS obuspa[5897]: tw_ulib_diags_lookup_host(host=controller.cdroutertest.com, acs_family_pref=Any): getaddrinfo() failed: Temporary failure in name resolution
[2025-08-09 10:52:08.016] 2025 Aug  6 10:23:53 prplOS obuspa[5897]: ERROR: STOMP failed whilst attempting to connect to (host=controller.cdroutertest.com, port=61613)
[2025-08-09 10:52:08.039] 2025 Aug  6 10:23:53 prplOS obuspa[5897]: Error on STOMP connection to (host controller.cdroutertest.com, port 61613). Closing connection.
[2025-08-09 10:53:04.021] 2025 Aug  6 10:24:49 prplOS obuspa[5897]: tw_ulib_diags_lookup_host(host=controller.cdroutertest.com, acs_family_pref=Any): getaddrinfo() failed: Temporary failure in name resolution
[2025-08-09 10:53:04.023] 2025 Aug  6 10:24:49 prplOS obuspa[5897]: ERROR: STOMP failed whilst attempting to connect to (host=controller.cdroutertest.com, port=61613)
[2025-08-09 10:53:04.024] 2025 Aug  6 10:24:49 prplOS obuspa[5897]: Error on STOMP connection to (host controller.cdroutertest.com, port 61613). Closing connection.
[2025-08-09 10:53:06.021] 2025 Aug  6 10:24:51 prplOS tr181-dhcpv4client: mod-dhc - [!][eth0] Broadcast DISCOVER. - (dhcp_packet_send@dhcp_packet.c:641)
[2025-08-09 10:53:30.026] 2025 Aug  6 10:25:15 prplOS ssh_server: [USER][SYSTEM] - [!][Authentication][SSH][SUCCESS] User='root'
[2025-08-09 10:53:30.027] 2025 Aug  6 10:25:15 prplOS TEST: WebUI testing framework initialized
[2025-08-09 10:53:31.025] 2025 Aug  6 10:25:16 prplOS ssh_server: [USER][SYSTEM] - [!][Authentication][SSH][SUCCESS] User='root'
[2025-08-09 10:53:31.026] 2025 Aug  6 10:25:17 prplOS ssh_server: [USER][SYSTEM] - [!][Authentication][SSH][SUCCESS] User='root'
[2025-08-09 10:53:49.028] 2025 Aug  6 10:25:34 prplOS obuspa[5897]: tw_ulib_diags_lookup_host(host=controller.cdroutertest.com, acs_family_pref=Any): getaddrinfo() failed: Temporary failure in name resolution
[2025-08-09 10:53:49.029] 2025 Aug  6 10:25:34 prplOS obuspa[5897]: ERROR: STOMP failed whilst attempting to connect to (host=controller.cdroutertest.com, port=61613)
[2025-08-09 10:53:49.030] 2025 Aug  6 10:25:34 prplOS obuspa[5897]: Error on STOMP connection to (host controller.cdroutertest.com, port 61613). Closing connection.
[2025-08-09 10:54:09.030] 2025 Aug  6 10:25:54 prplOS tr181-dhcpv4client: mod-dhc - [!][eth0] Broadcast DISCOVER. - (dhcp_packet_send@dhcp_packet.c:641)
[2025-08-09 10:54:16.032] 2025 Aug  6 10:26:01 prplOS netmodel-clients: netdev_ - [x]Instance NetDev.Link.[Name == 'eth2']. not found - (find_instance_of_netdev@mib_netdev.c:213)
[2025-08-09 10:54:16.033] 2025 Aug  6 10:26:01 prplOS netmodel-clients: mib     - [!]Mib[netdev_mib] NetModel.Intf.5. Sync object A not found, waiting... - (start_sync@mib.c:620)
[2025-08-09 10:54:16.034] 2025 Aug  6 10:26:01 prplOS netmodel-clients: netdev_ - [x]Instance NetDev.Link.[Name == 'eth3']. not found - (find_instance_of_netdev@mib_netdev.c:213)
[2025-08-09 10:54:16.035] 2025 Aug  6 10:26:01 prplOS netmodel-clients: mib     - [!]Mib[netdev_mib] NetModel.Intf.6. Sync object A not found, waiting... - (start_sync@mib.c:620)
[2025-08-09 10:54:16.036] 2025 Aug  6 10:26:02 prplOS netmodel-clients: netdev_ - [x]Instance NetDev.Link.[Name == 'eth4']. not found - (find_instance_of_netdev@mib_netdev.c:213)
[2025-08-09 10:54:16.037] 2025 Aug  6 10:26:02 prplOS netmodel-clients: mib     - [!]Mib[netdev_mib] NetModel.Intf.7. Sync object A not found, waiting... - (start_sync@mib.c:620)
[2025-08-09 10:54:23.032] 2025 Aug  6 10:26:08 prplOS netmodel-clients: netdev_ - [x]Instance NetDev.Link.[Name == 'pppoe-wan']. not found - (find_instance_of_netdev@mib_netdev.c:213)
[2025-08-09 10:54:23.034] 2025 Aug  6 10:26:08 prplOS netmodel-clients: mib     - [!]Mib[netdev_mib] NetModel.Intf.46. Sync object A not found, waiting... - (start_sync@mib.c:620)
[2025-08-09 10:54:25.031] 2025 Aug  6 10:26:10 prplOS netmodel-clients: netdev_ - [x]Instance NetDev.Link.[Name == 'dslite0']. not found - (find_instance_of_netdev@mib_netdev.c:213)
[2025-08-09 10:54:25.032] 2025 Aug  6 10:26:10 prplOS netmodel-clients: mib     - [!]Mib[netdev_mib] NetModel.Intf.47. Sync object A not found, waiting... - (start_sync@mib.c:620)
[2025-08-09 10:54:29.033] 2025 Aug  6 10:26:14 prplOS obuspa[5897]: tw_ulib_diags_lookup_host(host=controller.cdroutertest.com, acs_family_pref=Any): getaddrinfo() failed: Temporary failure in name resolution
[2025-08-09 10:54:29.034] 2025 Aug  6 10:26:14 prplOS obuspa[5897]: ERROR: STOMP failed whilst attempting to connect to (host=controller.cdroutertest.com, port=61613)
[2025-08-09 10:54:29.035] 2025 Aug  6 10:26:14 prplOS obuspa[5897]: Error on STOMP connection to (host controller.cdroutertest.com, port 61613). Closing connection.
[2025-08-09 10:54:31.033] 2025 Aug  6 10:26:17 prplOS netmodel-clients: netdev_ - [!]Won't be able to change sync object_a[Device.WiFi.SSID.3.] - (create_netdev_subscription@mib_netdev.c:237)
[2025-08-09 10:54:31.034] 2025 Aug  6 10:26:17 prplOS netmodel-clients: mib     - [!]Mib[netdev_mib] failed subscr: O[] E[notification in ['dm:instance-added','dm:instance-removed']] - (start_sync@mib.c:603)
[2025-08-09 10:54:31.036] 2025 Aug  6 10:26:17 prplOS netmodel-clients: mib     - [!]Mib[netdev_mib] NetModel.Intf.51. Sync object A not found, waiting... - (start_sync@mib.c:620)
[2025-08-09 10:54:33.034] 2025 Aug  6 10:26:18 prplOS netmodel-clients: netdev_ - [!]Won't be able to change sync object_a[Device.WiFi.SSID.1.] - (create_netdev_subscription@mib_netdev.c:237)
[2025-08-09 10:54:33.035] 2025 Aug  6 10:26:18 prplOS netmodel-clients: mib     - [!]Mib[netdev_mib] failed subscr: O[] E[notification in ['dm:instance-added','dm:instance-removed']] - (start_sync@mib.c:603)
[2025-08-09 10:54:33.036] 2025 Aug  6 10:26:18 prplOS netmodel-clients: mib     - [!]Mib[netdev_mib] NetModel.Intf.60. Sync object A not found, waiting... - (start_sync@mib.c:620)
[2025-08-09 10:54:33.037] 2025 Aug  6 10:26:19 prplOS netmodel-clients: netdev_ - [!]Won't be able to change sync object_a[Device.WiFi.SSID.5.] - (create_netdev_subscription@mib_netdev.c:237)
[2025-08-09 10:54:33.037] 2025 Aug  6 10:26:19 prplOS netmodel-clients: mib     - [!]Mib[netdev_mib] failed subscr: O[] E[notification in ['dm:instance-added','dm:instance-removed']] - (start_sync@mib.c:603)
[2025-08-09 10:54:33.038] 2025 Aug  6 10:26:19 prplOS netmodel-clients: mib     - [!]Mib[netdev_mib] NetModel.Intf.62. Sync object A not found, waiting... - (start_sync@mib.c:620)
[2025-08-09 10:54:57.036] 2025 Aug  6 10:26:42 prplOS obuspa[5897]: tw_ulib_diags_lookup_host(host=controller.cdroutertest.com, acs_family_pref=Any): getaddrinfo() failed: Temporary failure in name resolution
[2025-08-09 10:54:57.037] 2025 Aug  6 10:26:42 prplOS obuspa[5897]: ERROR: STOMP failed whilst attempting to connect to (host=controller.cdroutertest.com, port=61613)
[2025-08-09 10:54:57.038] 2025 Aug  6 10:26:42 prplOS obuspa[5897]: Error on STOMP connection to (host controller.cdroutertest.com, port 61613). Closing connection.
[2025-08-09 10:55:12.038] 2025 Aug  6 10:26:57 prplOS tr181-dhcpv4client: mod-dhc - [!][eth0] Broadcast DISCOVER. - (dhcp_packet_send@dhcp_packet.c:641)
[2025-08-09 10:55:30.041] 2025 Aug  6 10:27:16 prplOS obuspa[5897]: tw_ulib_diags_lookup_host(host=controller.cdroutertest.com, acs_family_pref=Any): getaddrinfo() failed: Temporary failure in name resolution
[2025-08-09 10:55:30.043] 2025 Aug  6 10:27:16 prplOS obuspa[5897]: ERROR: STOMP failed whilst attempting to connect to (host=controller.cdroutertest.com, port=61613)
[2025-08-09 10:55:30.044] 2025 Aug  6 10:27:16 prplOS obuspa[5897]: Error on STOMP connection to (host controller.cdroutertest.com, port 61613). Closing connection.
[2025-08-09 10:55:52.044] 2025 Aug  6 10:27:38 prplOS obuspa[5897]: tw_ulib_diags_lookup_host(host=controller.cdroutertest.com, acs_family_pref=Any): getaddrinfo() failed: Temporary failure in name resolution
[2025-08-09 10:55:52.045] 2025 Aug  6 10:27:38 prplOS obuspa[5897]: ERROR: STOMP failed whilst attempting to connect to (host=controller.cdroutertest.com, port=61613)
[2025-08-09 10:55:52.046] 2025 Aug  6 10:27:38 prplOS obuspa[5897]: Error on STOMP connection to (host controller.cdroutertest.com, port 61613). Closing connection.
[2025-08-09 10:56:15.046] 2025 Aug  6 10:28:00 prplOS tr181-dhcpv4client: mod-dhc - [!][eth0] Broadcast DISCOVER. - (dhcp_packet_send@dhcp_packet.c:641)
[2025-08-09 10:56:34.048] 2025 Aug  6 10:28:20 prplOS obuspa[5897]: tw_ulib_diags_lookup_host(host=controller.cdroutertest.com, acs_family_pref=Any): getaddrinfo() failed: Temporary failure in name resolution
[2025-08-09 10:56:34.049] 2025 Aug  6 10:28:20 prplOS obuspa[5897]: ERROR: STOMP failed whilst attempting to connect to (host=controller.cdroutertest.com, port=61613)
[2025-08-09 10:56:34.050] 2025 Aug  6 10:28:20 prplOS obuspa[5897]: Error on STOMP connection to (host controller.cdroutertest.com, port 61613). Closing connection.
[2025-08-09 10:57:06.052] 2025 Aug  6 10:28:52 prplOS obuspa[5897]: tw_ulib_diags_lookup_host(host=controller.cdroutertest.com, acs_family_pref=Any): getaddrinfo() failed: Temporary failure in name resolution
[2025-08-09 10:57:06.053] 2025 Aug  6 10:28:52 prplOS obuspa[5897]: ERROR: STOMP failed whilst attempting to connect to (host=controller.cdroutertest.com, port=61613)
[2025-08-09 10:57:06.055] 2025 Aug  6 10:28:52 prplOS obuspa[5897]: Error on STOMP connection to (host controller.cdroutertest.com, port 61613). Closing connection.
[2025-08-09 10:57:18.053] 2025 Aug  6 10:29:03 prplOS tr181-dhcpv4client: mod-dhc - [!][eth0] Broadcast DISCOVER. - (dhcp_packet_send@dhcp_packet.c:641)
[2025-08-09 10:57:22.055] 2025 Aug  6 10:29:08 prplOS obuspa[5897]: tw_ulib_diags_lookup_host(host=controller.cdroutertest.com, acs_family_pref=Any): getaddrinfo() failed: Temporary failure in name resolution
[2025-08-09 10:57:22.056] 2025 Aug  6 10:29:08 prplOS obuspa[5897]: ERROR: STOMP failed whilst attempting to connect to (host=controller.cdroutertest.com, port=61613)
[2025-08-09 10:57:22.057] 2025 Aug  6 10:29:08 prplOS obuspa[5897]: Error on STOMP connection to (host controller.cdroutertest.com, port 61613). Closing connection.
[2025-08-09 10:57:26.055] 2025 Aug  6 10:29:12 prplOS obuspa[5897]: tw_ulib_diags_lookup_host(host=controller.cdroutertest.com, acs_family_pref=Any): getaddrinfo() failed: Temporary failure in name resolution
[2025-08-09 10:57:26.056] 2025 Aug  6 10:29:12 prplOS obuspa[5897]: ERROR: STOMP failed whilst attempting to connect to (host=controller.cdroutertest.com, port=61613)
[2025-08-09 10:57:26.057] 2025 Aug  6 10:29:12 prplOS obuspa[5897]: Error on STOMP connection to (host controller.cdroutertest.com, port 61613). Closing connection.
[2025-08-09 10:58:12.060] 2025 Aug  6 10:29:58 prplOS obuspa[5897]: tw_ulib_diags_lookup_host(host=controller.cdroutertest.com, acs_family_pref=Any): getaddrinfo() failed: Temporary failure in name resolution
[2025-08-09 10:58:12.061] 2025 Aug  6 10:29:58 prplOS obuspa[5897]: ERROR: STOMP failed whilst attempting to connect to (host=controller.cdroutertest.com, port=61613)
[2025-08-09 10:58:12.083] 2025 Aug  6 10:29:58 prplOS obuspa[5897]: Error on STOMP connection to (host controller.cdroutertest.com, port 61613). Closing connection.
[2025-08-09 10:58:15.060] 2025 Aug  6 10:30:00 prplOS crond[5987]: USER root pid 12921 cmd /usr/sbin/logrotate /etc/logrotate.conf
[2025-08-09 10:58:21.060] 2025 Aug  6 10:30:06 prplOS tr181-dhcpv4client: mod-dhc - [!][eth0] Broadcast DISCOVER. - (dhcp_packet_send@dhcp_packet.c:641)
[2025-08-09 10:58:48.064] 2025 Aug  6 10:30:34 prplOS obuspa[5897]: tw_ulib_diags_lookup_host(host=controller.cdroutertest.com, acs_family_pref=Any): getaddrinfo() failed: Temporary failure in name resolution
[2025-08-09 10:58:48.065] 2025 Aug  6 10:30:34 prplOS obuspa[5897]: ERROR: STOMP failed whilst attempting to connect to (host=controller.cdroutertest.com, port=61613)
[2025-08-09 10:58:48.066] 2025 Aug  6 10:30:34 prplOS obuspa[5897]: Error on STOMP connection to (host controller.cdroutertest.com, port 61613). Closing connection.
[2025-08-09 10:59:24.069] 2025 Aug  6 10:31:09 prplOS tr181-dhcpv4client: mod-dhc - [!][eth0] Broadcast DISCOVER. - (dhcp_packet_send@dhcp_packet.c:641)
[2025-08-09 10:59:34.069] 2025 Aug  6 10:31:20 prplOS obuspa[5897]: tw_ulib_diags_lookup_host(host=controller.cdroutertest.com, acs_family_pref=Any): getaddrinfo() failed: Temporary failure in name resolution
[2025-08-09 10:59:34.071] 2025 Aug  6 10:31:20 prplOS obuspa[5897]: ERROR: STOMP failed whilst attempting to connect to (host=controller.cdroutertest.com, port=61613)
[2025-08-09 10:59:34.072] 2025 Aug  6 10:31:20 prplOS obuspa[5897]: Error on STOMP connection to (host controller.cdroutertest.com, port 61613). Closing connection.
[2025-08-09 11:00:01.073] 2025 Aug  6 10:31:47 prplOS obuspa[5897]: tw_ulib_diags_lookup_host(host=controller.cdroutertest.com, acs_family_pref=Any): getaddrinfo() failed: Temporary failure in name resolution
[2025-08-09 11:00:01.075] 2025 Aug  6 10:31:47 prplOS obuspa[5897]: ERROR: STOMP failed whilst attempting to connect to (host=controller.cdroutertest.com, port=61613)
[2025-08-09 11:00:01.076] 2025 Aug  6 10:31:47 prplOS obuspa[5897]: Error on STOMP connection to (host controller.cdroutertest.com, port 61613). Closing connection.
[2025-08-09 11:00:15.074] 2025 Aug  6 10:32:00 prplOS obuspa[5897]: tw_ulib_diags_lookup_host(host=controller.cdroutertest.com, acs_family_pref=Any): getaddrinfo() failed: Temporary failure in name resolution
[2025-08-09 11:00:15.076] 2025 Aug  6 10:32:00 prplOS obuspa[5897]: ERROR: STOMP failed whilst attempting to connect to (host=controller.cdroutertest.com, port=61613)
[2025-08-09 11:00:15.076] 2025 Aug  6 10:32:00 prplOS obuspa[5897]: Error on STOMP connection to (host controller.cdroutertest.com, port 61613). Closing connection.
[2025-08-09 11:00:27.076] 2025 Aug  6 10:32:12 prplOS tr181-dhcpv4client: mod-dhc - [!][eth0] Broadcast DISCOVER. - (dhcp_packet_send@dhcp_packet.c:641)
[2025-08-09 11:00:58.080] 2025 Aug  6 10:32:43 prplOS obuspa[5897]: tw_ulib_diags_lookup_host(host=controller.cdroutertest.com, acs_family_pref=Any): getaddrinfo() failed: Temporary failure in name resolution
[2025-08-09 11:00:58.081] 2025 Aug  6 10:32:43 prplOS obuspa[5897]: ERROR: STOMP failed whilst attempting to connect to (host=controller.cdroutertest.com, port=61613)
[2025-08-09 11:00:58.082] 2025 Aug  6 10:32:43 prplOS obuspa[5897]: Error on STOMP connection to (host controller.cdroutertest.com, port 61613). Closing connection.
[2025-08-09 11:01:22.082] 2025 Aug  6 10:33:07 prplOS obuspa[5897]: tw_ulib_diags_lookup_host(host=controller.cdroutertest.com, acs_family_pref=Any): getaddrinfo() failed: Temporary failure in name resolution
[2025-08-09 11:01:22.083] 2025 Aug  6 10:33:07 prplOS obuspa[5897]: ERROR: STOMP failed whilst attempting to connect to (host=controller.cdroutertest.com, port=61613)
[2025-08-09 11:01:22.084] 2025 Aug  6 10:33:07 prplOS obuspa[5897]: Error on STOMP connection to (host controller.cdroutertest.com, port 61613). Closing connection.
[2025-08-09 11:01:30.083] 2025 Aug  6 10:33:15 prplOS tr181-dhcpv4client: mod-dhc - [!][eth0] Broadcast DISCOVER. - (dhcp_packet_send@dhcp_packet.c:641)
[2025-08-09 11:01:51.086] 2025 Aug  6 10:33:36 prplOS obuspa[5897]: tw_ulib_diags_lookup_host(host=controller.cdroutertest.com, acs_family_pref=Any): getaddrinfo() failed: Temporary failure in name resolution
[2025-08-09 11:01:51.087] 2025 Aug  6 10:33:36 prplOS obuspa[5897]: ERROR: STOMP failed whilst attempting to connect to (host=controller.cdroutertest.com, port=61613)
[2025-08-09 11:01:51.088] 2025 Aug  6 10:33:36 prplOS obuspa[5897]: Error on STOMP connection to (host controller.cdroutertest.com, port 61613). Closing connection.
[2025-08-09 11:01:56.088] 2025 Aug  6 10:33:41 prplOS obuspa[5897]: tw_ulib_diags_lookup_host(host=controller.cdroutertest.com, acs_family_pref=Any): getaddrinfo() failed: Temporary failure in name resolution
[2025-08-09 11:01:56.089] 2025 Aug  6 10:33:41 prplOS obuspa[5897]: ERROR: STOMP failed whilst attempting to connect to (host=controller.cdroutertest.com, port=61613)
[2025-08-09 11:01:56.090] 2025 Aug  6 10:33:41 prplOS obuspa[5897]: Error on STOMP connection to (host controller.cdroutertest.com, port 61613). Closing connection.
[2025-08-09 11:02:24.090] 2025 Aug  6 10:34:09 prplOS obuspa[5897]: tw_ulib_diags_lookup_host(host=controller.cdroutertest.com, acs_family_pref=Any): getaddrinfo() failed: Temporary failure in name resolution
[2025-08-09 11:02:24.092] 2025 Aug  6 10:34:09 prplOS obuspa[5897]: ERROR: STOMP failed whilst attempting to connect to (host=controller.cdroutertest.com, port=61613)
[2025-08-09 11:02:24.093] 2025 Aug  6 10:34:09 prplOS obuspa[5897]: Error on STOMP connection to (host controller.cdroutertest.com, port 61613). Closing connection.
[2025-08-09 11:02:33.091] 2025 Aug  6 10:34:18 prplOS tr181-dhcpv4client: mod-dhc - [!][eth0] Broadcast DISCOVER. - (dhcp_packet_send@dhcp_packet.c:641)
[2025-08-09 11:03:02.095] 2025 Aug  6 10:34:47 prplOS obuspa[5897]: tw_ulib_diags_lookup_host(host=controller.cdroutertest.com, acs_family_pref=Any): getaddrinfo() failed: Temporary failure in name resolution
[2025-08-09 11:03:02.096] 2025 Aug  6 10:34:47 prplOS obuspa[5897]: ERROR: STOMP failed whilst attempting to connect to (host=controller.cdroutertest.com, port=61613)
[2025-08-09 11:03:02.097] 2025 Aug  6 10:34:47 prplOS obuspa[5897]: Error on STOMP connection to (host controller.cdroutertest.com, port 61613). Closing connection.
[2025-08-09 11:03:32.098] 2025 Aug  6 10:35:17 prplOS obuspa[5897]: tw_ulib_diags_lookup_host(host=controller.cdroutertest.com, acs_family_pref=Any): getaddrinfo() failed: Temporary failure in name resolution
[2025-08-09 11:03:32.099] 2025 Aug  6 10:35:17 prplOS obuspa[5897]: ERROR: STOMP failed whilst attempting to connect to (host=controller.cdroutertest.com, port=61613)
[2025-08-09 11:03:32.100] 2025 Aug  6 10:35:17 prplOS obuspa[5897]: Error on STOMP connection to (host controller.cdroutertest.com, port 61613). Closing connection.
[2025-08-09 11:03:36.099] 2025 Aug  6 10:35:21 prplOS tr181-dhcpv4client: mod-dhc - [!][eth0] Broadcast DISCOVER. - (dhcp_packet_send@dhcp_packet.c:641)
[2025-08-09 11:04:29.105] 2025 Aug  6 10:36:14 prplOS obuspa[5897]: tw_ulib_diags_lookup_host(host=controller.cdroutertest.com, acs_family_pref=Any): getaddrinfo() failed: Temporary failure in name resolution
[2025-08-09 11:04:29.106] 2025 Aug  6 10:36:14 prplOS obuspa[5897]: ERROR: STOMP failed whilst attempting to connect to (host=controller.cdroutertest.com, port=61613)
[2025-08-09 11:04:29.107] 2025 Aug  6 10:36:14 prplOS obuspa[5897]: Error on STOMP connection to (host controller.cdroutertest.com, port 61613). Closing connection.
[2025-08-09 11:04:39.106] 2025 Aug  6 10:36:24 prplOS tr181-dhcpv4client: mod-dhc - [!][eth0] Broadcast DISCOVER. - (dhcp_packet_send@dhcp_packet.c:641)
[2025-08-09 11:05:14.111] 2025 Aug  6 10:36:59 prplOS obuspa[5897]: tw_ulib_diags_lookup_host(host=controller.cdroutertest.com, acs_family_pref=Any): getaddrinfo() failed: Temporary failure in name resolution
[2025-08-09 11:05:14.112] 2025 Aug  6 10:36:59 prplOS obuspa[5897]: ERROR: STOMP failed whilst attempting to connect to (host=controller.cdroutertest.com, port=61613)
[2025-08-09 11:05:14.113] 2025 Aug  6 10:36:59 prplOS obuspa[5897]: Error on STOMP connection to (host controller.cdroutertest.com, port 61613). Closing connection.
[2025-08-09 11:05:42.114] 2025 Aug  6 10:37:27 prplOS tr181-dhcpv4client: mod-dhc - [!][eth0] Broadcast DISCOVER. - (dhcp_packet_send@dhcp_packet.c:641)
[2025-08-09 11:05:53.115] 2025 Aug  6 10:37:38 prplOS obuspa[5897]: tw_ulib_diags_lookup_host(host=controller.cdroutertest.com, acs_family_pref=Any): getaddrinfo() failed: Temporary failure in name resolution
[2025-08-09 11:05:53.116] 2025 Aug  6 10:37:38 prplOS obuspa[5897]: ERROR: STOMP failed whilst attempting to connect to (host=controller.cdroutertest.com, port=61613)
[2025-08-09 11:05:53.117] 2025 Aug  6 10:37:38 prplOS obuspa[5897]: Error on STOMP connection to (host controller.cdroutertest.com, port 61613). Closing connection.
[2025-08-09 11:05:57.116] 2025 Aug  6 10:37:42 prplOS obuspa[5897]: tw_ulib_diags_lookup_host(host=controller.cdroutertest.com, acs_family_pref=Any): getaddrinfo() failed: Temporary failure in name resolution
[2025-08-09 11:05:57.117] 2025 Aug  6 10:37:42 prplOS obuspa[5897]: ERROR: STOMP failed whilst attempting to connect to (host=controller.cdroutertest.com, port=61613)
[2025-08-09 11:05:57.118] 2025 Aug  6 10:37:42 prplOS obuspa[5897]: Error on STOMP connection to (host controller.cdroutertest.com, port 61613). Closing connection.
[2025-08-09 11:06:02.116] 2025 Aug  6 10:37:47 prplOS obuspa[5897]: tw_ulib_diags_lookup_host(host=controller.cdroutertest.com, acs_family_pref=Any): getaddrinfo() failed: Temporary failure in name resolution
[2025-08-09 11:06:02.117] 2025 Aug  6 10:37:47 prplOS obuspa[5897]: ERROR: STOMP failed whilst attempting to connect to (host=controller.cdroutertest.com, port=61613)
[2025-08-09 11:06:02.118] 2025 Aug  6 10:37:47 prplOS obuspa[5897]: Error on STOMP connection to (host controller.cdroutertest.com, port 61613). Closing connection.
[2025-08-09 11:06:26.120] 2025 Aug  6 10:38:11 prplOS obuspa[5897]: tw_ulib_diags_lookup_host(host=controller.cdroutertest.com, acs_family_pref=Any): getaddrinfo() failed: Temporary failure in name resolution
[2025-08-09 11:06:26.121] 2025 Aug  6 10:38:11 prplOS obuspa[5897]: ERROR: STOMP failed whilst attempting to connect to (host=controller.cdroutertest.com, port=61613)
[2025-08-09 11:06:26.122] 2025 Aug  6 10:38:11 prplOS obuspa[5897]: Error on STOMP connection to (host controller.cdroutertest.com, port 61613). Closing connection.
[2025-08-09 11:06:45.121] 2025 Aug  6 10:38:30 prplOS tr181-dhcpv4client: mod-dhc - [!][eth0] Broadcast DISCOVER. - (dhcp_packet_send@dhcp_packet.c:641)
[2025-08-09 11:07:24.126] 2025 Aug  6 10:39:09 prplOS obuspa[5897]: tw_ulib_diags_lookup_host(host=controller.cdroutertest.com, acs_family_pref=Any): getaddrinfo() failed: Temporary failure in name resolution
[2025-08-09 11:07:24.127] 2025 Aug  6 10:39:09 prplOS obuspa[5897]: ERROR: STOMP failed whilst attempting to connect to (host=controller.cdroutertest.com, port=61613)
[2025-08-09 11:07:24.128] 2025 Aug  6 10:39:09 prplOS obuspa[5897]: Error on STOMP connection to (host controller.cdroutertest.com, port 61613). Closing connection.
[2025-08-09 11:07:48.128] 2025 Aug  6 10:39:33 prplOS tr181-dhcpv4client: mod-dhc - [!][eth0] Broadcast DISCOVER. - (dhcp_packet_send@dhcp_packet.c:641)
[2025-08-09 11:08:08.130] 2025 Aug  6 10:39:53 prplOS obuspa[5897]: tw_ulib_diags_lookup_host(host=controller.cdroutertest.com, acs_family_pref=Any): getaddrinfo() failed: Temporary failure in name resolution
[2025-08-09 11:08:08.131] 2025 Aug  6 10:39:53 prplOS obuspa[5897]: ERROR: STOMP failed whilst attempting to connect to (host=controller.cdroutertest.com, port=61613)
[2025-08-09 11:08:08.132] 2025 Aug  6 10:39:53 prplOS obuspa[5897]: Error on STOMP connection to (host controller.cdroutertest.com, port 61613). Closing connection.
[2025-08-09 11:08:15.132] 2025 Aug  6 10:40:00 prplOS crond[5987]: USER root pid 13051 cmd /usr/sbin/logrotate /etc/logrotate.conf
[2025-08-09 11:08:38.134] 2025 Aug  6 10:40:23 prplOS obuspa[5897]: tw_ulib_diags_lookup_host(host=controller.cdroutertest.com, acs_family_pref=Any): getaddrinfo() failed: Temporary failure in name resolution
[2025-08-09 11:08:38.136] 2025 Aug  6 10:40:23 prplOS obuspa[5897]: ERROR: STOMP failed whilst attempting to connect to (host=controller.cdroutertest.com, port=61613)
[2025-08-09 11:08:38.137] 2025 Aug  6 10:40:23 prplOS obuspa[5897]: Error on STOMP connection to (host controller.cdroutertest.com, port 61613). Closing connection.
[2025-08-09 11:08:51.136] 2025 Aug  6 10:40:36 prplOS tr181-dhcpv4client: mod-dhc - [!][eth0] Broadcast DISCOVER. - (dhcp_packet_send@dhcp_packet.c:641)
[2025-08-09 11:08:59.136] 2025 Aug  6 10:40:44 prplOS obuspa[5897]: tw_ulib_diags_lookup_host(host=controller.cdroutertest.com, acs_family_pref=Any): getaddrinfo() failed: Temporary failure in name resolution
[2025-08-09 11:08:59.137] 2025 Aug  6 10:40:44 prplOS obuspa[5897]: ERROR: STOMP failed whilst attempting to connect to (host=controller.cdroutertest.com, port=61613)
[2025-08-09 11:08:59.138] 2025 Aug  6 10:40:44 prplOS obuspa[5897]: Error on STOMP connection to (host controller.cdroutertest.com, port 61613). Closing connection.
[2025-08-09 11:09:41.141] 2025 Aug  6 10:41:27 prplOS obuspa[5897]: tw_ulib_diags_lookup_host(host=controller.cdroutertest.com, acs_family_pref=Any): getaddrinfo() failed: Temporary failure in name resolution
[2025-08-09 11:09:41.142] 2025 Aug  6 10:41:27 prplOS obuspa[5897]: ERROR: STOMP failed whilst attempting to connect to (host=controller.cdroutertest.com, port=61613)
[2025-08-09 11:09:41.143] 2025 Aug  6 10:41:27 prplOS obuspa[5897]: Error on STOMP connection to (host controller.cdroutertest.com, port 61613). Closing connection.
[2025-08-09 11:09:54.142] 2025 Aug  6 10:41:39 prplOS tr181-dhcpv4client: mod-dhc - [!][eth0] Broadcast DISCOVER. - (dhcp_packet_send@dhcp_packet.c:641)
[2025-08-09 11:10:31.147] 2025 Aug  6 10:42:17 prplOS obuspa[5897]: tw_ulib_diags_lookup_host(host=controller.cdroutertest.com, acs_family_pref=Any): getaddrinfo() failed: Temporary failure in name resolution
[2025-08-09 11:10:31.149] 2025 Aug  6 10:42:17 prplOS obuspa[5897]: ERROR: STOMP failed whilst attempting to connect to (host=controller.cdroutertest.com, port=61613)
[2025-08-09 11:10:31.150] 2025 Aug  6 10:42:17 prplOS obuspa[5897]: Error on STOMP connection to (host controller.cdroutertest.com, port 61613). Closing connection.
[2025-08-09 11:10:57.149] 2025 Aug  6 10:42:42 prplOS tr181-dhcpv4client: mod-dhc - [!][eth0] Broadcast DISCOVER. - (dhcp_packet_send@dhcp_packet.c:641)
[2025-08-09 11:11:11.152] 2025 Aug  6 10:42:57 prplOS obuspa[5897]: tw_ulib_diags_lookup_host(host=controller.cdroutertest.com, acs_family_pref=Any): getaddrinfo() failed: Temporary failure in name resolution
[2025-08-09 11:11:11.153] 2025 Aug  6 10:42:57 prplOS obuspa[5897]: ERROR: STOMP failed whilst attempting to connect to (host=controller.cdroutertest.com, port=61613)
[2025-08-09 11:11:11.153] 2025 Aug  6 10:42:57 prplOS obuspa[5897]: Error on STOMP connection to (host controller.cdroutertest.com, port 61613). Closing connection.
[2025-08-09 11:11:48.156] 2025 Aug  6 10:43:34 prplOS obuspa[5897]: tw_ulib_diags_lookup_host(host=controller.cdroutertest.com, acs_family_pref=Any): getaddrinfo() failed: Temporary failure in name resolution
[2025-08-09 11:11:48.157] 2025 Aug  6 10:43:34 prplOS obuspa[5897]: ERROR: STOMP failed whilst attempting to connect to (host=controller.cdroutertest.com, port=61613)
[2025-08-09 11:11:48.158] 2025 Aug  6 10:43:34 prplOS obuspa[5897]: Error on STOMP connection to (host controller.cdroutertest.com, port 61613). Closing connection.
[2025-08-09 11:11:56.157] 2025 Aug  6 10:43:42 prplOS obuspa[5897]: tw_ulib_diags_lookup_host(host=controller.cdroutertest.com, acs_family_pref=Any): getaddrinfo() failed: Temporary failure in name resolution
[2025-08-09 11:11:56.158] 2025 Aug  6 10:43:42 prplOS obuspa[5897]: ERROR: STOMP failed whilst attempting to connect to (host=controller.cdroutertest.com, port=61613)
[2025-08-09 11:11:56.159] 2025 Aug  6 10:43:42 prplOS obuspa[5897]: Error on STOMP connection to (host controller.cdroutertest.com, port 61613). Closing connection.
[2025-08-09 11:11:57.157] 2025 Aug  6 10:43:43 prplOS obuspa[5897]: tw_ulib_diags_lookup_host(host=controller.cdroutertest.com, acs_family_pref=Any): getaddrinfo() failed: Temporary failure in name resolution
[2025-08-09 11:11:57.158] 2025 Aug  6 10:43:43 prplOS obuspa[5897]: ERROR: STOMP failed whilst attempting to connect to (host=controller.cdroutertest.com, port=61613)
[2025-08-09 11:11:57.159] 2025 Aug  6 10:43:43 prplOS obuspa[5897]: Error on STOMP connection to (host controller.cdroutertest.com, port 61613). Closing connection.
[2025-08-09 11:12:00.157] 2025 Aug  6 10:43:45 prplOS tr181-dhcpv4client: mod-dhc - [!][eth0] Broadcast DISCOVER. - (dhcp_packet_send@dhcp_packet.c:641)
[2025-08-09 11:12:13.158] 2025 Aug  6 10:43:59 prplOS obuspa[5897]: tw_ulib_diags_lookup_host(host=controller.cdroutertest.com, acs_family_pref=Any): getaddrinfo() failed: Temporary failure in name resolution
[2025-08-09 11:12:13.160] 2025 Aug  6 10:43:59 prplOS obuspa[5897]: ERROR: STOMP failed whilst attempting to connect to (host=controller.cdroutertest.com, port=61613)
[2025-08-09 11:12:13.161] 2025 Aug  6 10:43:59 prplOS obuspa[5897]: Error on STOMP connection to (host controller.cdroutertest.com, port 61613). Closing connection.
[2025-08-09 11:13:02.165] 2025 Aug  6 10:44:48 prplOS obuspa[5897]: tw_ulib_diags_lookup_host(host=controller.cdroutertest.com, acs_family_pref=Any): getaddrinfo() failed: Temporary failure in name resolution
[2025-08-09 11:13:02.167] 2025 Aug  6 10:44:48 prplOS obuspa[5897]: ERROR: STOMP failed whilst attempting to connect to (host=controller.cdroutertest.com, port=61613)
[2025-08-09 11:13:02.167] 2025 Aug  6 10:44:48 prplOS obuspa[5897]: Error on STOMP connection to (host controller.cdroutertest.com, port 61613). Closing connection.
[2025-08-09 11:13:03.164] 2025 Aug  6 10:44:48 prplOS tr181-dhcpv4client: mod-dhc - [!][eth0] Broadcast DISCOVER. - (dhcp_packet_send@dhcp_packet.c:641)
[2025-08-09 11:13:21.167] 2025 Aug  6 10:45:07 prplOS obuspa[5897]: tw_ulib_diags_lookup_host(host=controller.cdroutertest.com, acs_family_pref=Any): getaddrinfo() failed: Temporary failure in name resolution
[2025-08-09 11:13:21.168] 2025 Aug  6 10:45:07 prplOS obuspa[5897]: ERROR: STOMP failed whilst attempting to connect to (host=controller.cdroutertest.com, port=61613)
[2025-08-09 11:13:21.190] 2025 Aug  6 10:45:07 prplOS obuspa[5897]: Error on STOMP connection to (host controller.cdroutertest.com, port 61613). Closing connection.
[2025-08-09 11:14:05.172] 2025 Aug  6 10:45:51 prplOS obuspa[5897]: tw_ulib_diags_lookup_host(host=controller.cdroutertest.com, acs_family_pref=Any): getaddrinfo() failed: Temporary failure in name resolution
[2025-08-09 11:14:05.173] 2025 Aug  6 10:45:51 prplOS obuspa[5897]: ERROR: STOMP failed whilst attempting to connect to (host=controller.cdroutertest.com, port=61613)
[2025-08-09 11:14:05.174] 2025 Aug  6 10:45:51 prplOS obuspa[5897]: Error on STOMP connection to (host controller.cdroutertest.com, port 61613). Closing connection.
[2025-08-09 11:14:06.173] 2025 Aug  6 10:45:51 prplOS tr181-dhcpv4client: mod-dhc - [!][eth0] Broadcast DISCOVER. - (dhcp_packet_send@dhcp_packet.c:641)
[2025-08-09 11:14:18.174] 2025 Aug  6 10:46:04 prplOS obuspa[5897]: tw_ulib_diags_lookup_host(host=controller.cdroutertest.com, acs_family_pref=Any): getaddrinfo() failed: Temporary failure in name resolution
[2025-08-09 11:14:18.175] 2025 Aug  6 10:46:04 prplOS obuspa[5897]: ERROR: STOMP failed whilst attempting to connect to (host=controller.cdroutertest.com, port=61613)
[2025-08-09 11:14:18.176] 2025 Aug  6 10:46:04 prplOS obuspa[5897]: Error on STOMP connection to (host controller.cdroutertest.com, port 61613). Closing connection.
[2025-08-09 11:14:36.175] 2025 Aug  6 10:46:22 prplOS obuspa[5897]: tw_ulib_diags_lookup_host(host=controller.cdroutertest.com, acs_family_pref=Any): getaddrinfo() failed: Temporary failure in name resolution
[2025-08-09 11:14:36.176] 2025 Aug  6 10:46:22 prplOS obuspa[5897]: ERROR: STOMP failed whilst attempting to connect to (host=controller.cdroutertest.com, port=61613)
[2025-08-09 11:14:36.177] 2025 Aug  6 10:46:22 prplOS obuspa[5897]: Error on STOMP connection to (host controller.cdroutertest.com, port 61613). Closing connection.
[2025-08-09 11:15:09.180] 2025 Aug  6 10:46:54 prplOS tr181-dhcpv4client: mod-dhc - [!][eth0] Broadcast DISCOVER. - (dhcp_packet_send@dhcp_packet.c:641)
[2025-08-09 11:15:27.181] 2025 Aug  6 10:47:13 prplOS obuspa[5897]: tw_ulib_diags_lookup_host(host=controller.cdroutertest.com, acs_family_pref=Any): getaddrinfo() failed: Temporary failure in name resolution
[2025-08-09 11:15:27.183] 2025 Aug  6 10:47:13 prplOS obuspa[5897]: ERROR: STOMP failed whilst attempting to connect to (host=controller.cdroutertest.com, port=61613)
[2025-08-09 11:15:27.183] 2025 Aug  6 10:47:13 prplOS obuspa[5897]: Error on STOMP connection to (host controller.cdroutertest.com, port 61613). Closing connection.
[2025-08-09 11:16:07.187] 2025 Aug  6 10:47:52 prplOS obuspa[5897]: tw_ulib_diags_lookup_host(host=controller.cdroutertest.com, acs_family_pref=Any): getaddrinfo() failed: Temporary failure in name resolution
[2025-08-09 11:16:07.188] 2025 Aug  6 10:47:52 prplOS obuspa[5897]: ERROR: STOMP failed whilst attempting to connect to (host=controller.cdroutertest.com, port=61613)
[2025-08-09 11:16:07.189] 2025 Aug  6 10:47:52 prplOS obuspa[5897]: Error on STOMP connection to (host controller.cdroutertest.com, port 61613). Closing connection.
[2025-08-09 11:16:12.187] 2025 Aug  6 10:47:57 prplOS tr181-dhcpv4client: mod-dhc - [!][eth0] Broadcast DISCOVER. - (dhcp_packet_send@dhcp_packet.c:641)
[2025-08-09 11:16:30.190] 2025 Aug  6 10:48:15 prplOS obuspa[5897]: tw_ulib_diags_lookup_host(host=controller.cdroutertest.com, acs_family_pref=Any): getaddrinfo() failed: Temporary failure in name resolution
[2025-08-09 11:16:30.190] 2025 Aug  6 10:48:15 prplOS obuspa[5897]: ERROR: STOMP failed whilst attempting to connect to (host=controller.cdroutertest.com, port=61613)
[2025-08-09 11:16:30.191] 2025 Aug  6 10:48:15 prplOS obuspa[5897]: Error on STOMP connection to (host controller.cdroutertest.com, port 61613). Closing connection.
[2025-08-09 11:16:45.190] 2025 Aug  6 10:48:30 prplOS obuspa[5897]: tw_ulib_diags_lookup_host(host=controller.cdroutertest.com, acs_family_pref=Any): getaddrinfo() failed: Temporary failure in name resolution
[2025-08-09 11:16:45.192] 2025 Aug  6 10:48:30 prplOS obuspa[5897]: ERROR: STOMP failed whilst attempting to connect to (host=controller.cdroutertest.com, port=61613)
[2025-08-09 11:16:45.193] 2025 Aug  6 10:48:30 prplOS obuspa[5897]: Error on STOMP connection to (host controller.cdroutertest.com, port 61613). Closing connection.
[2025-08-09 11:17:14.194] 2025 Aug  6 10:48:59 prplOS obuspa[5897]: tw_ulib_diags_lookup_host(host=controller.cdroutertest.com, acs_family_pref=Any): getaddrinfo() failed: Temporary failure in name resolution
[2025-08-09 11:17:14.195] 2025 Aug  6 10:48:59 prplOS obuspa[5897]: ERROR: STOMP failed whilst attempting to connect to (host=controller.cdroutertest.com, port=61613)
[2025-08-09 11:17:14.196] 2025 Aug  6 10:48:59 prplOS obuspa[5897]: Error on STOMP connection to (host controller.cdroutertest.com, port 61613). Closing connection.
[2025-08-09 11:17:15.195] 2025 Aug  6 10:49:00 prplOS tr181-dhcpv4client: mod-dhc - [!][eth0] Broadcast DISCOVER. - (dhcp_packet_send@dhcp_packet.c:641)
[2025-08-09 11:17:48.199] 2025 Aug  6 10:49:33 prplOS obuspa[5897]: tw_ulib_diags_lookup_host(host=controller.cdroutertest.com, acs_family_pref=Any): getaddrinfo() failed: Temporary failure in name resolution
[2025-08-09 11:17:48.200] 2025 Aug  6 10:49:33 prplOS obuspa[5897]: ERROR: STOMP failed whilst attempting to connect to (host=controller.cdroutertest.com, port=61613)
[2025-08-09 11:17:48.201] 2025 Aug  6 10:49:33 prplOS obuspa[5897]: Error on STOMP connection to (host controller.cdroutertest.com, port 61613). Closing connection.
[2025-08-09 11:17:56.199] 2025 Aug  6 10:49:41 prplOS obuspa[5897]: tw_ulib_diags_lookup_host(host=controller.cdroutertest.com, acs_family_pref=Any): getaddrinfo() failed: Temporary failure in name resolution
[2025-08-09 11:17:56.200] 2025 Aug  6 10:49:41 prplOS obuspa[5897]: ERROR: STOMP failed whilst attempting to connect to (host=controller.cdroutertest.com, port=61613)
[2025-08-09 11:17:56.201] 2025 Aug  6 10:49:41 prplOS obuspa[5897]: Error on STOMP connection to (host controller.cdroutertest.com, port 61613). Closing connection.
[2025-08-09 11:18:14.202] 2025 Aug  6 10:50:00 prplOS crond[5987]: USER root pid 13179 cmd /usr/sbin/logrotate /etc/logrotate.conf
[2025-08-09 11:18:16.202] 2025 Aug  6 10:50:01 prplOS obuspa[5897]: tw_ulib_diags_lookup_host(host=controller.cdroutertest.com, acs_family_pref=Any): getaddrinfo() failed: Temporary failure in name resolution
[2025-08-09 11:18:16.203] 2025 Aug  6 10:50:01 prplOS obuspa[5897]: ERROR: STOMP failed whilst attempting to connect to (host=controller.cdroutertest.com, port=61613)
[2025-08-09 11:18:16.204] 2025 Aug  6 10:50:01 prplOS obuspa[5897]: Error on STOMP connection to (host controller.cdroutertest.com, port 61613). Closing connection.
[2025-08-09 11:18:18.202] 2025 Aug  6 10:50:03 prplOS obuspa[5897]: tw_ulib_diags_lookup_host(host=controller.cdroutertest.com, acs_family_pref=Any): getaddrinfo() failed: Temporary failure in name resolution
[2025-08-09 11:18:18.203] 2025 Aug  6 10:50:03 prplOS obuspa[5897]: ERROR: STOMP failed whilst attempting to connect to (host=controller.cdroutertest.com, port=61613)
[2025-08-09 11:18:18.204] 2025 Aug  6 10:50:03 prplOS obuspa[5897]: Error on STOMP connection to (host controller.cdroutertest.com, port 61613). Closing connection.
[2025-08-09 11:18:18.205] 2025 Aug  6 10:50:03 prplOS tr181-dhcpv4client: mod-dhc - [!][eth0] Broadcast DISCOVER. - (dhcp_packet_send@dhcp_packet.c:641)
[2025-08-09 11:18:36.205] 2025 Aug  6 10:50:21 prplOS obuspa[5897]: tw_ulib_diags_lookup_host(host=controller.cdroutertest.com, acs_family_pref=Any): getaddrinfo() failed: Temporary failure in name resolution
[2025-08-09 11:18:36.206] 2025 Aug  6 10:50:21 prplOS obuspa[5897]: ERROR: STOMP failed whilst attempting to connect to (host=controller.cdroutertest.com, port=61613)
[2025-08-09 11:18:36.207] 2025 Aug  6 10:50:21 prplOS obuspa[5897]: Error on STOMP connection to (host controller.cdroutertest.com, port 61613). Closing connection.
[2025-08-09 11:19:21.210] 2025 Aug  6 10:51:06 prplOS tr181-dhcpv4client: mod-dhc - [!][eth0] Broadcast DISCOVER. - (dhcp_packet_send@dhcp_packet.c:641)
[2025-08-09 11:19:33.210] 2025 Aug  6 10:51:18 prplOS obuspa[5897]: tw_ulib_diags_lookup_host(host=controller.cdroutertest.com, acs_family_pref=Any): getaddrinfo() failed: Temporary failure in name resolution
[2025-08-09 11:19:33.212] 2025 Aug  6 10:51:18 prplOS obuspa[5897]: ERROR: STOMP failed whilst attempting to connect to (host=controller.cdroutertest.com, port=61613)
[2025-08-09 11:19:33.213] 2025 Aug  6 10:51:18 prplOS obuspa[5897]: Error on STOMP connection to (host controller.cdroutertest.com, port 61613). Closing connection.
[2025-08-09 11:19:38.212] 2025 Aug  6 10:51:23 prplOS obuspa[5897]: tw_ulib_diags_lookup_host(host=controller.cdroutertest.com, acs_family_pref=Any): getaddrinfo() failed: Temporary failure in name resolution
[2025-08-09 11:19:38.213] 2025 Aug  6 10:51:23 prplOS obuspa[5897]: ERROR: STOMP failed whilst attempting to connect to (host=controller.cdroutertest.com, port=61613)
[2025-08-09 11:19:38.214] 2025 Aug  6 10:51:23 prplOS obuspa[5897]: Error on STOMP connection to (host controller.cdroutertest.com, port 61613). Closing connection.
[2025-08-09 11:20:11.216] 2025 Aug  6 10:51:56 prplOS obuspa[5897]: tw_ulib_diags_lookup_host(host=controller.cdroutertest.com, acs_family_pref=Any): getaddrinfo() failed: Temporary failure in name resolution
[2025-08-09 11:20:11.217] 2025 Aug  6 10:51:56 prplOS obuspa[5897]: ERROR: STOMP failed whilst attempting to connect to (host=controller.cdroutertest.com, port=61613)
[2025-08-09 11:20:11.218] 2025 Aug  6 10:51:56 prplOS obuspa[5897]: Error on STOMP connection to (host controller.cdroutertest.com, port 61613). Closing connection.
[2025-08-09 11:20:24.217] 2025 Aug  6 10:52:09 prplOS tr181-dhcpv4client: mod-dhc - [!][eth0] Broadcast DISCOVER. - (dhcp_packet_send@dhcp_packet.c:641)
[2025-08-09 11:21:10.222] 2025 Aug  6 10:52:55 prplOS obuspa[5897]: tw_ulib_diags_lookup_host(host=controller.cdroutertest.com, acs_family_pref=Any): getaddrinfo() failed: Temporary failure in name resolution
[2025-08-09 11:21:10.223] 2025 Aug  6 10:52:55 prplOS obuspa[5897]: ERROR: STOMP failed whilst attempting to connect to (host=controller.cdroutertest.com, port=61613)
[2025-08-09 11:21:10.224] 2025 Aug  6 10:52:55 prplOS obuspa[5897]: Error on STOMP connection to (host controller.cdroutertest.com, port 61613). Closing connection.
[2025-08-09 11:21:21.223] 2025 Aug  6 10:53:06 prplOS obuspa[5897]: tw_ulib_diags_lookup_host(host=controller.cdroutertest.com, acs_family_pref=Any): getaddrinfo() failed: Temporary failure in name resolution
[2025-08-09 11:21:21.225] 2025 Aug  6 10:53:06 prplOS obuspa[5897]: ERROR: STOMP failed whilst attempting to connect to (host=controller.cdroutertest.com, port=61613)
[2025-08-09 11:21:21.226] 2025 Aug  6 10:53:06 prplOS obuspa[5897]: Error on STOMP connection to (host controller.cdroutertest.com, port 61613). Closing connection.
[2025-08-09 11:21:27.225] 2025 Aug  6 10:53:12 prplOS tr181-dhcpv4client: mod-dhc - [!][eth0] Broadcast DISCOVER. - (dhcp_packet_send@dhcp_packet.c:641)
[2025-08-09 11:22:10.230] 2025 Aug  6 10:53:55 prplOS obuspa[5897]: tw_ulib_diags_lookup_host(host=controller.cdroutertest.com, acs_family_pref=Any): getaddrinfo() failed: Temporary failure in name resolution
[2025-08-09 11:22:10.231] 2025 Aug  6 10:53:55 prplOS obuspa[5897]: ERROR: STOMP failed whilst attempting to connect to (host=controller.cdroutertest.com, port=61613)
[2025-08-09 11:22:10.231] 2025 Aug  6 10:53:55 prplOS obuspa[5897]: Error on STOMP connection to (host controller.cdroutertest.com, port 61613). Closing connection.
[2025-08-09 11:22:30.231] 2025 Aug  6 10:54:15 prplOS tr181-dhcpv4client: mod-dhc - [!][eth0] Broadcast DISCOVER. - (dhcp_packet_send@dhcp_packet.c:641)
[2025-08-09 11:22:51.234] 2025 Aug  6 10:54:36 prplOS obuspa[5897]: tw_ulib_diags_lookup_host(host=controller.cdroutertest.com, acs_family_pref=Any): getaddrinfo() failed: Temporary failure in name resolution
[2025-08-09 11:22:51.235] 2025 Aug  6 10:54:36 prplOS obuspa[5897]: ERROR: STOMP failed whilst attempting to connect to (host=controller.cdroutertest.com, port=61613)
[2025-08-09 11:22:51.236] 2025 Aug  6 10:54:36 prplOS obuspa[5897]: Error on STOMP connection to (host controller.cdroutertest.com, port 61613). Closing connection.
[2025-08-09 11:23:03.235] 2025 Aug  6 10:54:49 prplOS obuspa[5897]: tw_ulib_diags_lookup_host(host=controller.cdroutertest.com, acs_family_pref=Any): getaddrinfo() failed: Temporary failure in name resolution
[2025-08-09 11:23:03.236] 2025 Aug  6 10:54:49 prplOS obuspa[5897]: ERROR: STOMP failed whilst attempting to connect to (host=controller.cdroutertest.com, port=61613)
[2025-08-09 11:23:03.237] 2025 Aug  6 10:54:49 prplOS obuspa[5897]: Error on STOMP connection to (host controller.cdroutertest.com, port 61613). Closing connection.
[2025-08-09 11:23:09.236] 2025 Aug  6 10:54:55 prplOS obuspa[5897]: tw_ulib_diags_lookup_host(host=controller.cdroutertest.com, acs_family_pref=Any): getaddrinfo() failed: Temporary failure in name resolution
[2025-08-09 11:23:09.237] 2025 Aug  6 10:54:55 prplOS obuspa[5897]: ERROR: STOMP failed whilst attempting to connect to (host=controller.cdroutertest.com, port=61613)
[2025-08-09 11:23:09.238] 2025 Aug  6 10:54:55 prplOS obuspa[5897]: Error on STOMP connection to (host controller.cdroutertest.com, port 61613). Closing connection.
[2025-08-09 11:23:33.239] 2025 Aug  6 10:55:18 prplOS tr181-dhcpv4client: mod-dhc - [!][eth0] Broadcast DISCOVER. - (dhcp_packet_send@dhcp_packet.c:641)
[2025-08-09 11:23:45.240] 2025 Aug  6 10:55:31 prplOS obuspa[5897]: tw_ulib_diags_lookup_host(host=controller.cdroutertest.com, acs_family_pref=Any): getaddrinfo() failed: Temporary failure in name resolution
[2025-08-09 11:23:45.241] 2025 Aug  6 10:55:31 prplOS obuspa[5897]: ERROR: STOMP failed whilst attempting to connect to (host=controller.cdroutertest.com, port=61613)
[2025-08-09 11:23:45.242] 2025 Aug  6 10:55:31 prplOS obuspa[5897]: Error on STOMP connection to (host controller.cdroutertest.com, port 61613). Closing connection.
[2025-08-09 11:24:25.245] 2025 Aug  6 10:56:11 prplOS obuspa[5897]: tw_ulib_diags_lookup_host(host=controller.cdroutertest.com, acs_family_pref=Any): getaddrinfo() failed: Temporary failure in name resolution
[2025-08-09 11:24:25.246] 2025 Aug  6 10:56:11 prplOS obuspa[5897]: ERROR: STOMP failed whilst attempting to connect to (host=controller.cdroutertest.com, port=61613)
[2025-08-09 11:24:25.247] 2025 Aug  6 10:56:11 prplOS obuspa[5897]: Error on STOMP connection to (host controller.cdroutertest.com, port 61613). Closing connection.
[2025-08-09 11:24:36.246] 2025 Aug  6 10:56:21 prplOS tr181-dhcpv4client: mod-dhc - [!][eth0] Broadcast DISCOVER. - (dhcp_packet_send@dhcp_packet.c:641)
[2025-08-09 11:25:02.249] 2025 Aug  6 10:56:48 prplOS obuspa[5897]: tw_ulib_diags_lookup_host(host=controller.cdroutertest.com, acs_family_pref=Any): getaddrinfo() failed: Temporary failure in name resolution
[2025-08-09 11:25:02.250] 2025 Aug  6 10:56:48 prplOS obuspa[5897]: ERROR: STOMP failed whilst attempting to connect to (host=controller.cdroutertest.com, port=61613)
[2025-08-09 11:25:02.252] 2025 Aug  6 10:56:48 prplOS obuspa[5897]: Error on STOMP connection to (host controller.cdroutertest.com, port 61613). Closing connection.
[2025-08-09 11:25:06.250] 2025 Aug  6 10:56:52 prplOS obuspa[5897]: tw_ulib_diags_lookup_host(host=controller.cdroutertest.com, acs_family_pref=Any): getaddrinfo() failed: Temporary failure in name resolution
[2025-08-09 11:25:06.251] 2025 Aug  6 10:56:52 prplOS obuspa[5897]: ERROR: STOMP failed whilst attempting to connect to (host=controller.cdroutertest.com, port=61613)
[2025-08-09 11:25:06.252] 2025 Aug  6 10:56:52 prplOS obuspa[5897]: Error on STOMP connection to (host controller.cdroutertest.com, port 61613). Closing connection.
[2025-08-09 11:25:39.254] 2025 Aug  6 10:57:24 prplOS tr181-dhcpv4client: mod-dhc - [!][eth0] Broadcast DISCOVER. - (dhcp_packet_send@dhcp_packet.c:641)
[2025-08-09 11:25:46.256] 2025 Aug  6 10:57:32 prplOS obuspa[5897]: tw_ulib_diags_lookup_host(host=controller.cdroutertest.com, acs_family_pref=Any): getaddrinfo() failed: Temporary failure in name resolution
[2025-08-09 11:25:46.257] 2025 Aug  6 10:57:32 prplOS obuspa[5897]: ERROR: STOMP failed whilst attempting to connect to (host=controller.cdroutertest.com, port=61613)
[2025-08-09 11:25:46.258] 2025 Aug  6 10:57:32 prplOS obuspa[5897]: Error on STOMP connection to (host controller.cdroutertest.com, port 61613). Closing connection.
[2025-08-09 11:25:50.256] 2025 Aug  6 10:57:36 prplOS obuspa[5897]: tw_ulib_diags_lookup_host(host=controller.cdroutertest.com, acs_family_pref=Any): getaddrinfo() failed: Temporary failure in name resolution
[2025-08-09 11:25:50.257] 2025 Aug  6 10:57:36 prplOS obuspa[5897]: ERROR: STOMP failed whilst attempting to connect to (host=controller.cdroutertest.com, port=61613)
[2025-08-09 11:25:50.258] 2025 Aug  6 10:57:36 prplOS obuspa[5897]: Error on STOMP connection to (host controller.cdroutertest.com, port 61613). Closing connection.
[2025-08-09 11:26:14.259] 2025 Aug  6 10:58:00 prplOS obuspa[5897]: tw_ulib_diags_lookup_host(host=controller.cdroutertest.com, acs_family_pref=Any): getaddrinfo() failed: Temporary failure in name resolution
[2025-08-09 11:26:14.259] 2025 Aug  6 10:58:00 prplOS obuspa[5897]: ERROR: STOMP failed whilst attempting to connect to (host=controller.cdroutertest.com, port=61613)
[2025-08-09 11:26:14.260] 2025 Aug  6 10:58:00 prplOS obuspa[5897]: Error on STOMP connection to (host controller.cdroutertest.com, port 61613). Closing connection.
[2025-08-09 11:26:42.262] 2025 Aug  6 10:58:27 prplOS tr181-dhcpv4client: mod-dhc - [!][eth0] Broadcast DISCOVER. - (dhcp_packet_send@dhcp_packet.c:641)
[2025-08-09 11:27:01.265] 2025 Aug  6 10:58:47 prplOS obuspa[5897]: tw_ulib_diags_lookup_host(host=controller.cdroutertest.com, acs_family_pref=Any): getaddrinfo() failed: Temporary failure in name resolution
[2025-08-09 11:27:01.266] 2025 Aug  6 10:58:47 prplOS obuspa[5897]: ERROR: STOMP failed whilst attempting to connect to (host=controller.cdroutertest.com, port=61613)
[2025-08-09 11:27:01.267] 2025 Aug  6 10:58:47 prplOS obuspa[5897]: Error on STOMP connection to (host controller.cdroutertest.com, port 61613). Closing connection.
[2025-08-09 11:27:13.266] 2025 Aug  6 10:58:59 prplOS obuspa[5897]: tw_ulib_diags_lookup_host(host=controller.cdroutertest.com, acs_family_pref=Any): getaddrinfo() failed: Temporary failure in name resolution
[2025-08-09 11:27:13.267] 2025 Aug  6 10:58:59 prplOS obuspa[5897]: ERROR: STOMP failed whilst attempting to connect to (host=controller.cdroutertest.com, port=61613)
[2025-08-09 11:27:13.268] 2025 Aug  6 10:58:59 prplOS obuspa[5897]: Error on STOMP connection to (host controller.cdroutertest.com, port 61613). Closing connection.
[2025-08-09 11:27:18.265] 2025 Aug  6 10:59:04 prplOS obuspa[5897]: tw_ulib_diags_lookup_host(host=controller.cdroutertest.com, acs_family_pref=Any): getaddrinfo() failed: Temporary failure in name resolution
[2025-08-09 11:27:18.267] 2025 Aug  6 10:59:04 prplOS obuspa[5897]: ERROR: STOMP failed whilst attempting to connect to (host=controller.cdroutertest.com, port=61613)
[2025-08-09 11:27:18.288] 2025 Aug  6 10:59:04 prplOS obuspa[5897]: Error on STOMP connection to (host controller.cdroutertest.com, port 61613). Closing connection.
[2025-08-09 11:27:45.269] 2025 Aug  6 10:59:30 prplOS tr181-dhcpv4client: mod-dhc - [!][eth0] Broadcast DISCOVER. - (dhcp_packet_send@dhcp_packet.c:641)
[2025-08-09 11:28:11.272] 2025 Aug  6 10:59:57 prplOS obuspa[5897]: tw_ulib_diags_lookup_host(host=controller.cdroutertest.com, acs_family_pref=Any): getaddrinfo() failed: Temporary failure in name resolution
[2025-08-09 11:28:11.274] 2025 Aug  6 10:59:57 prplOS obuspa[5897]: ERROR: STOMP failed whilst attempting to connect to (host=controller.cdroutertest.com, port=61613)
[2025-08-09 11:28:11.275] 2025 Aug  6 10:59:57 prplOS obuspa[5897]: Error on STOMP connection to (host controller.cdroutertest.com, port 61613). Closing connection.
[2025-08-09 11:28:14.273] 2025 Aug  6 11:00:00 prplOS crond[5987]: USER root pid 13308 cmd /usr/sbin/logrotate /etc/logrotate.conf
[2025-08-09 11:28:48.276] 2025 Aug  6 11:00:33 prplOS tr181-dhcpv4client: mod-dhc - [!][eth0] Broadcast DISCOVER. - (dhcp_packet_send@dhcp_packet.c:641)
[2025-08-09 11:28:59.279] 2025 Aug  6 11:00:45 prplOS obuspa[5897]: tw_ulib_diags_lookup_host(host=controller.cdroutertest.com, acs_family_pref=Any): getaddrinfo() failed: Temporary failure in name resolution
[2025-08-09 11:28:59.280] 2025 Aug  6 11:00:45 prplOS obuspa[5897]: ERROR: STOMP failed whilst attempting to connect to (host=controller.cdroutertest.com, port=61613)
[2025-08-09 11:28:59.281] 2025 Aug  6 11:00:45 prplOS obuspa[5897]: Error on STOMP connection to (host controller.cdroutertest.com, port 61613). Closing connection.
[2025-08-09 11:29:30.282] 2025 Aug  6 11:01:16 prplOS obuspa[5897]: tw_ulib_diags_lookup_host(host=controller.cdroutertest.com, acs_family_pref=Any): getaddrinfo() failed: Temporary failure in name resolution
[2025-08-09 11:29:30.283] 2025 Aug  6 11:01:16 prplOS obuspa[5897]: ERROR: STOMP failed whilst attempting to connect to (host=controller.cdroutertest.com, port=61613)
[2025-08-09 11:29:30.284] 2025 Aug  6 11:01:16 prplOS obuspa[5897]: Error on STOMP connection to (host controller.cdroutertest.com, port 61613). Closing connection.
[2025-08-09 11:29:50.284] 2025 Aug  6 11:01:36 prplOS obuspa[5897]: tw_ulib_diags_lookup_host(host=controller.cdroutertest.com, acs_family_pref=Any): getaddrinfo() failed: Temporary failure in name resolution
[2025-08-09 11:29:50.285] 2025 Aug  6 11:01:36 prplOS obuspa[5897]: ERROR: STOMP failed whilst attempting to connect to (host=controller.cdroutertest.com, port=61613)
[2025-08-09 11:29:50.287] 2025 Aug  6 11:01:36 prplOS obuspa[5897]: Error on STOMP connection to (host controller.cdroutertest.com, port 61613). Closing connection.
[2025-08-09 11:29:51.284] 2025 Aug  6 11:01:36 prplOS tr181-dhcpv4client: mod-dhc - [!][eth0] Broadcast DISCOVER. - (dhcp_packet_send@dhcp_packet.c:641)
[2025-08-09 11:30:46.292] 2025 Aug  6 11:02:32 prplOS obuspa[5897]: tw_ulib_diags_lookup_host(host=controller.cdroutertest.com, acs_family_pref=Any): getaddrinfo() failed: Temporary failure in name resolution
[2025-08-09 11:30:46.293] 2025 Aug  6 11:02:32 prplOS obuspa[5897]: ERROR: STOMP failed whilst attempting to connect to (host=controller.cdroutertest.com, port=61613)
[2025-08-09 11:30:46.293] 2025 Aug  6 11:02:32 prplOS obuspa[5897]: Error on STOMP connection to (host controller.cdroutertest.com, port 61613). Closing connection.
[2025-08-09 11:30:54.293] 2025 Aug  6 11:02:39 prplOS tr181-dhcpv4client: mod-dhc - [!][eth0] Broadcast DISCOVER. - (dhcp_packet_send@dhcp_packet.c:641)
[2025-08-09 11:31:37.297] 2025 Aug  6 11:03:22 prplOS obuspa[5897]: tw_ulib_diags_lookup_host(host=controller.cdroutertest.com, acs_family_pref=Any): getaddrinfo() failed: Temporary failure in name resolution
[2025-08-09 11:31:37.298] 2025 Aug  6 11:03:22 prplOS obuspa[5897]: ERROR: STOMP failed whilst attempting to connect to (host=controller.cdroutertest.com, port=61613)
[2025-08-09 11:31:37.299] 2025 Aug  6 11:03:22 prplOS obuspa[5897]: Error on STOMP connection to (host controller.cdroutertest.com, port 61613). Closing connection.
[2025-08-09 11:31:40.297] 2025 Aug  6 11:03:25 prplOS obuspa[5897]: tw_ulib_diags_lookup_host(host=controller.cdroutertest.com, acs_family_pref=Any): getaddrinfo() failed: Temporary failure in name resolution
[2025-08-09 11:31:40.298] 2025 Aug  6 11:03:25 prplOS obuspa[5897]: ERROR: STOMP failed whilst attempting to connect to (host=controller.cdroutertest.com, port=61613)
[2025-08-09 11:31:40.299] 2025 Aug  6 11:03:25 prplOS obuspa[5897]: Error on STOMP connection to (host controller.cdroutertest.com, port 61613). Closing connection.
[2025-08-09 11:31:57.301] 2025 Aug  6 11:03:42 prplOS tr181-dhcpv4client: mod-dhc - [!][eth0] Broadcast DISCOVER. - (dhcp_packet_send@dhcp_packet.c:641)
[2025-08-09 11:32:20.303] 2025 Aug  6 11:04:05 prplOS obuspa[5897]: tw_ulib_diags_lookup_host(host=controller.cdroutertest.com, acs_family_pref=Any): getaddrinfo() failed: Temporary failure in name resolution
[2025-08-09 11:32:20.305] 2025 Aug  6 11:04:05 prplOS obuspa[5897]: ERROR: STOMP failed whilst attempting to connect to (host=controller.cdroutertest.com, port=61613)
[2025-08-09 11:32:20.306] 2025 Aug  6 11:04:05 prplOS obuspa[5897]: Error on STOMP connection to (host controller.cdroutertest.com, port 61613). Closing connection.
[2025-08-09 11:32:50.306] 2025 Aug  6 11:04:35 prplOS obuspa[5897]: tw_ulib_diags_lookup_host(host=controller.cdroutertest.com, acs_family_pref=Any): getaddrinfo() failed: Temporary failure in name resolution
[2025-08-09 11:32:50.307] 2025 Aug  6 11:04:35 prplOS obuspa[5897]: ERROR: STOMP failed whilst attempting to connect to (host=controller.cdroutertest.com, port=61613)
[2025-08-09 11:32:50.308] 2025 Aug  6 11:04:35 prplOS obuspa[5897]: Error on STOMP connection to (host controller.cdroutertest.com, port 61613). Closing connection.
[2025-08-09 11:32:59.306] 2025 Aug  6 11:04:44 prplOS obuspa[5897]: tw_ulib_diags_lookup_host(host=controller.cdroutertest.com, acs_family_pref=Any): getaddrinfo() failed: Temporary failure in name resolution
[2025-08-09 11:32:59.307] 2025 Aug  6 11:04:44 prplOS obuspa[5897]: ERROR: STOMP failed whilst attempting to connect to (host=controller.cdroutertest.com, port=61613)
[2025-08-09 11:32:59.308] 2025 Aug  6 11:04:44 prplOS obuspa[5897]: Error on STOMP connection to (host controller.cdroutertest.com, port 61613). Closing connection.
[2025-08-09 11:33:00.307] 2025 Aug  6 11:04:45 prplOS tr181-dhcpv4client: mod-dhc - [!][eth0] Broadcast DISCOVER. - (dhcp_packet_send@dhcp_packet.c:641)
[2025-08-09 11:33:35.312] 2025 Aug  6 11:05:20 prplOS obuspa[5897]: tw_ulib_diags_lookup_host(host=controller.cdroutertest.com, acs_family_pref=Any): getaddrinfo() failed: Temporary failure in name resolution
[2025-08-09 11:33:35.313] 2025 Aug  6 11:05:20 prplOS obuspa[5897]: ERROR: STOMP failed whilst attempting to connect to (host=controller.cdroutertest.com, port=61613)
[2025-08-09 11:33:35.315] 2025 Aug  6 11:05:20 prplOS obuspa[5897]: Error on STOMP connection to (host controller.cdroutertest.com, port 61613). Closing connection.
[2025-08-09 11:34:03.314] 2025 Aug  6 11:05:48 prplOS tr181-dhcpv4client: mod-dhc - [!][eth0] Broadcast DISCOVER. - (dhcp_packet_send@dhcp_packet.c:641)
[2025-08-09 11:34:20.317] 2025 Aug  6 11:06:05 prplOS obuspa[5897]: tw_ulib_diags_lookup_host(host=controller.cdroutertest.com, acs_family_pref=Any): getaddrinfo() failed: Temporary failure in name resolution
[2025-08-09 11:34:20.318] 2025 Aug  6 11:06:05 prplOS obuspa[5897]: ERROR: STOMP failed whilst attempting to connect to (host=controller.cdroutertest.com, port=61613)
[2025-08-09 11:34:20.318] 2025 Aug  6 11:06:05 prplOS obuspa[5897]: Error on STOMP connection to (host controller.cdroutertest.com, port 61613). Closing connection.
[2025-08-09 11:35:06.322] 2025 Aug  6 11:06:51 prplOS tr181-dhcpv4client: mod-dhc - [!][eth0] Broadcast DISCOVER. - (dhcp_packet_send@dhcp_packet.c:641)
[2025-08-09 11:35:14.324] 2025 Aug  6 11:06:59 prplOS obuspa[5897]: tw_ulib_diags_lookup_host(host=controller.cdroutertest.com, acs_family_pref=Any): getaddrinfo() failed: Temporary failure in name resolution
[2025-08-09 11:35:14.326] 2025 Aug  6 11:06:59 prplOS obuspa[5897]: ERROR: STOMP failed whilst attempting to connect to (host=controller.cdroutertest.com, port=61613)
[2025-08-09 11:35:14.327] 2025 Aug  6 11:06:59 prplOS obuspa[5897]: Error on STOMP connection to (host controller.cdroutertest.com, port 61613). Closing connection.
[2025-08-09 11:35:22.325] 2025 Aug  6 11:07:07 prplOS obuspa[5897]: tw_ulib_diags_lookup_host(host=controller.cdroutertest.com, acs_family_pref=Any): getaddrinfo() failed: Temporary failure in name resolution
[2025-08-09 11:35:22.326] 2025 Aug  6 11:07:07 prplOS obuspa[5897]: ERROR: STOMP failed whilst attempting to connect to (host=controller.cdroutertest.com, port=61613)
[2025-08-09 11:35:22.327] 2025 Aug  6 11:07:07 prplOS obuspa[5897]: Error on STOMP connection to (host controller.cdroutertest.com, port 61613). Closing connection.
[2025-08-09 11:36:09.331] 2025 Aug  6 11:07:54 prplOS tr181-dhcpv4client: mod-dhc - [!][eth0] Broadcast DISCOVER. - (dhcp_packet_send@dhcp_packet.c:641)
[2025-08-09 11:36:19.331] 2025 Aug  6 11:08:04 prplOS obuspa[5897]: tw_ulib_diags_lookup_host(host=controller.cdroutertest.com, acs_family_pref=Any): getaddrinfo() failed: Temporary failure in name resolution
[2025-08-09 11:36:19.332] 2025 Aug  6 11:08:04 prplOS obuspa[5897]: ERROR: STOMP failed whilst attempting to connect to (host=controller.cdroutertest.com, port=61613)
[2025-08-09 11:36:19.333] 2025 Aug  6 11:08:04 prplOS obuspa[5897]: Error on STOMP connection to (host controller.cdroutertest.com, port 61613). Closing connection.
[2025-08-09 11:36:25.332] 2025 Aug  6 11:08:10 prplOS obuspa[5897]: tw_ulib_diags_lookup_host(host=controller.cdroutertest.com, acs_family_pref=Any): getaddrinfo() failed: Temporary failure in name resolution
[2025-08-09 11:36:25.333] 2025 Aug  6 11:08:10 prplOS obuspa[5897]: ERROR: STOMP failed whilst attempting to connect to (host=controller.cdroutertest.com, port=61613)
[2025-08-09 11:36:25.334] 2025 Aug  6 11:08:10 prplOS obuspa[5897]: Error on STOMP connection to (host controller.cdroutertest.com, port 61613). Closing connection.
[2025-08-09 11:36:30.332] 2025 Aug  6 11:08:15 prplOS obuspa[5897]: tw_ulib_diags_lookup_host(host=controller.cdroutertest.com, acs_family_pref=Any): getaddrinfo() failed: Temporary failure in name resolution
[2025-08-09 11:36:30.333] 2025 Aug  6 11:08:15 prplOS obuspa[5897]: ERROR: STOMP failed whilst attempting to connect to (host=controller.cdroutertest.com, port=61613)
[2025-08-09 11:36:30.334] 2025 Aug  6 11:08:15 prplOS obuspa[5897]: Error on STOMP connection to (host controller.cdroutertest.com, port 61613). Closing connection.
[2025-08-09 11:37:12.338] 2025 Aug  6 11:08:57 prplOS tr181-dhcpv4client: mod-dhc - [!][eth0] Broadcast DISCOVER. - (dhcp_packet_send@dhcp_packet.c:641)
[2025-08-09 11:37:14.338] 2025 Aug  6 11:09:00 prplOS obuspa[5897]: tw_ulib_diags_lookup_host(host=controller.cdroutertest.com, acs_family_pref=Any): getaddrinfo() failed: Temporary failure in name resolution
[2025-08-09 11:37:14.339] 2025 Aug  6 11:09:00 prplOS obuspa[5897]: ERROR: STOMP failed whilst attempting to connect to (host=controller.cdroutertest.com, port=61613)
[2025-08-09 11:37:14.340] 2025 Aug  6 11:09:00 prplOS obuspa[5897]: Error on STOMP connection to (host controller.cdroutertest.com, port 61613). Closing connection.
[2025-08-09 11:37:43.341] 2025 Aug  6 11:09:29 prplOS obuspa[5897]: tw_ulib_diags_lookup_host(host=controller.cdroutertest.com, acs_family_pref=Any): getaddrinfo() failed: Temporary failure in name resolution
[2025-08-09 11:37:43.343] 2025 Aug  6 11:09:29 prplOS obuspa[5897]: ERROR: STOMP failed whilst attempting to connect to (host=controller.cdroutertest.com, port=61613)
[2025-08-09 11:37:43.344] 2025 Aug  6 11:09:29 prplOS obuspa[5897]: Error on STOMP connection to (host controller.cdroutertest.com, port 61613). Closing connection.
[2025-08-09 11:37:51.343] 2025 Aug  6 11:09:37 prplOS obuspa[5897]: tw_ulib_diags_lookup_host(host=controller.cdroutertest.com, acs_family_pref=Any): getaddrinfo() failed: Temporary failure in name resolution
[2025-08-09 11:37:51.344] 2025 Aug  6 11:09:37 prplOS obuspa[5897]: ERROR: STOMP failed whilst attempting to connect to (host=controller.cdroutertest.com, port=61613)
[2025-08-09 11:37:51.345] 2025 Aug  6 11:09:37 prplOS obuspa[5897]: Error on STOMP connection to (host controller.cdroutertest.com, port 61613). Closing connection.
[2025-08-09 11:38:14.346] 2025 Aug  6 11:10:00 prplOS crond[5987]: USER root pid 13431 cmd /usr/sbin/logrotate /etc/logrotate.conf
[2025-08-09 11:38:15.346] 2025 Aug  6 11:10:00 prplOS tr181-dhcpv4client: mod-dhc - [!][eth0] Broadcast DISCOVER. - (dhcp_packet_send@dhcp_packet.c:641)
[2025-08-09 11:38:27.348] 2025 Aug  6 11:10:13 prplOS obuspa[5897]: tw_ulib_diags_lookup_host(host=controller.cdroutertest.com, acs_family_pref=Any): getaddrinfo() failed: Temporary failure in name resolution
[2025-08-09 11:38:27.349] 2025 Aug  6 11:10:13 prplOS obuspa[5897]: ERROR: STOMP failed whilst attempting to connect to (host=controller.cdroutertest.com, port=61613)
[2025-08-09 11:38:27.350] 2025 Aug  6 11:10:13 prplOS obuspa[5897]: Error on STOMP connection to (host controller.cdroutertest.com, port 61613). Closing connection.
[2025-08-09 11:39:06.352] 2025 Aug  6 11:10:52 prplOS obuspa[5897]: tw_ulib_diags_lookup_host(host=controller.cdroutertest.com, acs_family_pref=Any): getaddrinfo() failed: Temporary failure in name resolution
[2025-08-09 11:39:06.353] 2025 Aug  6 11:10:52 prplOS obuspa[5897]: ERROR: STOMP failed whilst attempting to connect to (host=controller.cdroutertest.com, port=61613)
[2025-08-09 11:39:06.354] 2025 Aug  6 11:10:52 prplOS obuspa[5897]: Error on STOMP connection to (host controller.cdroutertest.com, port 61613). Closing connection.
[2025-08-09 11:39:18.353] 2025 Aug  6 11:11:03 prplOS tr181-dhcpv4client: mod-dhc - [!][eth0] Broadcast DISCOVER. - (dhcp_packet_send@dhcp_packet.c:641)
[2025-08-09 11:40:05.359] 2025 Aug  6 11:11:51 prplOS obuspa[5897]: tw_ulib_diags_lookup_host(host=controller.cdroutertest.com, acs_family_pref=Any): getaddrinfo() failed: Temporary failure in name resolution
[2025-08-09 11:40:05.360] 2025 Aug  6 11:11:51 prplOS obuspa[5897]: ERROR: STOMP failed whilst attempting to connect to (host=controller.cdroutertest.com, port=61613)
[2025-08-09 11:40:05.361] 2025 Aug  6 11:11:51 prplOS obuspa[5897]: Error on STOMP connection to (host controller.cdroutertest.com, port 61613). Closing connection.
[2025-08-09 11:40:16.361] 2025 Aug  6 11:12:02 prplOS obuspa[5897]: tw_ulib_diags_lookup_host(host=controller.cdroutertest.com, acs_family_pref=Any): getaddrinfo() failed: Temporary failure in name resolution
[2025-08-09 11:40:16.362] 2025 Aug  6 11:12:02 prplOS obuspa[5897]: ERROR: STOMP failed whilst attempting to connect to (host=controller.cdroutertest.com, port=61613)
[2025-08-09 11:40:16.363] 2025 Aug  6 11:12:02 prplOS obuspa[5897]: Error on STOMP connection to (host controller.cdroutertest.com, port 61613). Closing connection.
[2025-08-09 11:40:21.361] 2025 Aug  6 11:12:06 prplOS tr181-dhcpv4client: mod-dhc - [!][eth0] Broadcast DISCOVER. - (dhcp_packet_send@dhcp_packet.c:641)
[2025-08-09 11:40:51.364] 2025 Aug  6 11:12:37 prplOS obuspa[5897]: tw_ulib_diags_lookup_host(host=controller.cdroutertest.com, acs_family_pref=Any): getaddrinfo() failed: Temporary failure in name resolution
[2025-08-09 11:40:51.376] 2025 Aug  6 11:12:37 prplOS obuspa[5897]: ERROR: STOMP failed whilst attempting to connect to (host=controller.cdroutertest.com, port=61613)
[2025-08-09 11:40:51.378] 2025 Aug  6 11:12:37 prplOS obuspa[5897]: Error on STOMP connection to (host controller.cdroutertest.com, port 61613). Closing connection.
[2025-08-09 11:41:16.367] 2025 Aug  6 11:13:02 prplOS obuspa[5897]: tw_ulib_diags_lookup_host(host=controller.cdroutertest.com, acs_family_pref=Any): getaddrinfo() failed: Temporary failure in name resolution
[2025-08-09 11:41:16.368] 2025 Aug  6 11:13:02 prplOS obuspa[5897]: ERROR: STOMP failed whilst attempting to connect to (host=controller.cdroutertest.com, port=61613)
[2025-08-09 11:41:16.369] 2025 Aug  6 11:13:02 prplOS obuspa[5897]: Error on STOMP connection to (host controller.cdroutertest.com, port 61613). Closing connection.
[2025-08-09 11:41:24.368] 2025 Aug  6 11:13:09 prplOS tr181-dhcpv4client: mod-dhc - [!][eth0] Broadcast DISCOVER. - (dhcp_packet_send@dhcp_packet.c:641)
[2025-08-09 11:41:36.368] 2025 Aug  6 11:13:22 prplOS obuspa[5897]: tw_ulib_diags_lookup_host(host=controller.cdroutertest.com, acs_family_pref=Any): getaddrinfo() failed: Temporary failure in name resolution
[2025-08-09 11:41:36.369] 2025 Aug  6 11:13:22 prplOS obuspa[5897]: ERROR: STOMP failed whilst attempting to connect to (host=controller.cdroutertest.com, port=61613)
[2025-08-09 11:41:36.370] 2025 Aug  6 11:13:22 prplOS obuspa[5897]: Error on STOMP connection to (host controller.cdroutertest.com, port 61613). Closing connection.
[2025-08-09 11:41:44.369] 2025 Aug  6 11:13:30 prplOS obuspa[5897]: tw_ulib_diags_lookup_host(host=controller.cdroutertest.com, acs_family_pref=Any): getaddrinfo() failed: Temporary failure in name resolution
[2025-08-09 11:41:44.370] 2025 Aug  6 11:13:30 prplOS obuspa[5897]: ERROR: STOMP failed whilst attempting to connect to (host=controller.cdroutertest.com, port=61613)
[2025-08-09 11:41:44.371] 2025 Aug  6 11:13:30 prplOS obuspa[5897]: Error on STOMP connection to (host controller.cdroutertest.com, port 61613). Closing connection.
[2025-08-09 11:42:22.373] 2025 Aug  6 11:14:08 prplOS obuspa[5897]: tw_ulib_diags_lookup_host(host=controller.cdroutertest.com, acs_family_pref=Any): getaddrinfo() failed: Temporary failure in name resolution
[2025-08-09 11:42:22.374] 2025 Aug  6 11:14:08 prplOS obuspa[5897]: ERROR: STOMP failed whilst attempting to connect to (host=controller.cdroutertest.com, port=61613)
[2025-08-09 11:42:22.375] 2025 Aug  6 11:14:08 prplOS obuspa[5897]: Error on STOMP connection to (host controller.cdroutertest.com, port 61613). Closing connection.
[2025-08-09 11:42:27.373] 2025 Aug  6 11:14:12 prplOS tr181-dhcpv4client: mod-dhc - [!][eth0] Broadcast DISCOVER. - (dhcp_packet_send@dhcp_packet.c:641)
[2025-08-09 11:42:51.376] 2025 Aug  6 11:14:37 prplOS obuspa[5897]: tw_ulib_diags_lookup_host(host=controller.cdroutertest.com, acs_family_pref=Any): getaddrinfo() failed: Temporary failure in name resolution
[2025-08-09 11:42:51.377] 2025 Aug  6 11:14:37 prplOS obuspa[5897]: ERROR: STOMP failed whilst attempting to connect to (host=controller.cdroutertest.com, port=61613)
[2025-08-09 11:42:51.377] 2025 Aug  6 11:14:37 prplOS obuspa[5897]: Error on STOMP connection to (host controller.cdroutertest.com, port 61613). Closing connection.
[2025-08-09 11:42:54.376] 2025 Aug  6 11:14:40 prplOS obuspa[5897]: tw_ulib_diags_lookup_host(host=controller.cdroutertest.com, acs_family_pref=Any): getaddrinfo() failed: Temporary failure in name resolution
[2025-08-09 11:42:54.377] 2025 Aug  6 11:14:40 prplOS obuspa[5897]: ERROR: STOMP failed whilst attempting to connect to (host=controller.cdroutertest.com, port=61613)
[2025-08-09 11:42:54.378] 2025 Aug  6 11:14:40 prplOS obuspa[5897]: Error on STOMP connection to (host controller.cdroutertest.com, port 61613). Closing connection.
[2025-08-09 11:43:10.379] 2025 Aug  6 11:14:56 prplOS obuspa[5897]: tw_ulib_diags_lookup_host(host=controller.cdroutertest.com, acs_family_pref=Any): getaddrinfo() failed: Temporary failure in name resolution
[2025-08-09 11:43:10.380] 2025 Aug  6 11:14:56 prplOS obuspa[5897]: ERROR: STOMP failed whilst attempting to connect to (host=controller.cdroutertest.com, port=61613)
[2025-08-09 11:43:10.381] 2025 Aug  6 11:14:56 prplOS obuspa[5897]: Error on STOMP connection to (host controller.cdroutertest.com, port 61613). Closing connection.
[2025-08-09 11:43:14.379] 2025 Aug  6 11:15:00 prplOS crond[5987]: ignoring file 'logrotate' (no such user)
[2025-08-09 11:43:30.381] 2025 Aug  6 11:15:15 prplOS tr181-dhcpv4client: mod-dhc - [!][eth0] Broadcast DISCOVER. - (dhcp_packet_send@dhcp_packet.c:641)
[2025-08-09 11:43:41.381] 2025 Aug  6 11:15:27 prplOS obuspa[5897]: tw_ulib_diags_lookup_host(host=controller.cdroutertest.com, acs_family_pref=Any): getaddrinfo() failed: Temporary failure in name resolution
[2025-08-09 11:43:41.382] 2025 Aug  6 11:15:27 prplOS obuspa[5897]: ERROR: STOMP failed whilst attempting to connect to (host=controller.cdroutertest.com, port=61613)
[2025-08-09 11:43:41.383] 2025 Aug  6 11:15:27 prplOS obuspa[5897]: Error on STOMP connection to (host controller.cdroutertest.com, port 61613). Closing connection.
[2025-08-09 11:43:48.383] 2025 Aug  6 11:15:34 prplOS obuspa[5897]: tw_ulib_diags_lookup_host(host=controller.cdroutertest.com, acs_family_pref=Any): getaddrinfo() failed: Temporary failure in name resolution
[2025-08-09 11:43:48.384] 2025 Aug  6 11:15:34 prplOS obuspa[5897]: ERROR: STOMP failed whilst attempting to connect to (host=controller.cdroutertest.com, port=61613)
[2025-08-09 11:43:48.385] 2025 Aug  6 11:15:34 prplOS obuspa[5897]: Error on STOMP connection to (host controller.cdroutertest.com, port 61613). Closing connection.
[2025-08-09 11:44:33.387] 2025 Aug  6 11:16:18 prplOS tr181-dhcpv4client: mod-dhc - [!][eth0] Broadcast DISCOVER. - (dhcp_packet_send@dhcp_packet.c:641)
[2025-08-09 11:44:40.389] 2025 Aug  6 11:16:26 prplOS obuspa[5897]: tw_ulib_diags_lookup_host(host=controller.cdroutertest.com, acs_family_pref=Any): getaddrinfo() failed: Temporary failure in name resolution
[2025-08-09 11:44:40.390] 2025 Aug  6 11:16:26 prplOS obuspa[5897]: ERROR: STOMP failed whilst attempting to connect to (host=controller.cdroutertest.com, port=61613)
[2025-08-09 11:44:40.391] 2025 Aug  6 11:16:26 prplOS obuspa[5897]: Error on STOMP connection to (host controller.cdroutertest.com, port 61613). Closing connection.
[2025-08-09 11:45:07.390] 2025 Aug  6 11:16:53 prplOS obuspa[5897]: tw_ulib_diags_lookup_host(host=controller.cdroutertest.com, acs_family_pref=Any): getaddrinfo() failed: Temporary failure in name resolution
[2025-08-09 11:45:07.391] 2025 Aug  6 11:16:53 prplOS obuspa[5897]: ERROR: STOMP failed whilst attempting to connect to (host=controller.cdroutertest.com, port=61613)
[2025-08-09 11:45:07.392] 2025 Aug  6 11:16:53 prplOS obuspa[5897]: Error on STOMP connection to (host controller.cdroutertest.com, port 61613). Closing connection.
[2025-08-09 11:45:36.393] 2025 Aug  6 11:17:21 prplOS tr181-dhcpv4client: mod-dhc - [!][eth0] Broadcast DISCOVER. - (dhcp_packet_send@dhcp_packet.c:641)
[2025-08-09 11:45:41.394] 2025 Aug  6 11:17:27 prplOS obuspa[5897]: tw_ulib_diags_lookup_host(host=controller.cdroutertest.com, acs_family_pref=Any): getaddrinfo() failed: Temporary failure in name resolution
[2025-08-09 11:45:41.395] 2025 Aug  6 11:17:27 prplOS obuspa[5897]: ERROR: STOMP failed whilst attempting to connect to (host=controller.cdroutertest.com, port=61613)
[2025-08-09 11:45:41.396] 2025 Aug  6 11:17:27 prplOS obuspa[5897]: Error on STOMP connection to (host controller.cdroutertest.com, port 61613). Closing connection.
[2025-08-09 11:45:52.395] 2025 Aug  6 11:17:38 prplOS obuspa[5897]: tw_ulib_diags_lookup_host(host=controller.cdroutertest.com, acs_family_pref=Any): getaddrinfo() failed: Temporary failure in name resolution
[2025-08-09 11:45:52.396] 2025 Aug  6 11:17:38 prplOS obuspa[5897]: ERROR: STOMP failed whilst attempting to connect to (host=controller.cdroutertest.com, port=61613)
[2025-08-09 11:45:52.397] 2025 Aug  6 11:17:38 prplOS obuspa[5897]: Error on STOMP connection to (host controller.cdroutertest.com, port 61613). Closing connection.
[2025-08-09 11:46:36.401] 2025 Aug  6 11:18:21 prplOS obuspa[5897]: tw_ulib_diags_lookup_host(host=controller.cdroutertest.com, acs_family_pref=Any): getaddrinfo() failed: Temporary failure in name resolution
[2025-08-09 11:46:36.402] 2025 Aug  6 11:18:21 prplOS obuspa[5897]: ERROR: STOMP failed whilst attempting to connect to (host=controller.cdroutertest.com, port=61613)
[2025-08-09 11:46:36.403] 2025 Aug  6 11:18:21 prplOS obuspa[5897]: Error on STOMP connection to (host controller.cdroutertest.com, port 61613). Closing connection.
[2025-08-09 11:46:39.401] 2025 Aug  6 11:18:24 prplOS tr181-dhcpv4client: mod-dhc - [!][eth0] Broadcast DISCOVER. - (dhcp_packet_send@dhcp_packet.c:641)
[2025-08-09 11:47:09.404] 2025 Aug  6 11:18:54 prplOS obuspa[5897]: tw_ulib_diags_lookup_host(host=controller.cdroutertest.com, acs_family_pref=Any): getaddrinfo() failed: Temporary failure in name resolution
[2025-08-09 11:47:09.405] 2025 Aug  6 11:18:54 prplOS obuspa[5897]: ERROR: STOMP failed whilst attempting to connect to (host=controller.cdroutertest.com, port=61613)
[2025-08-09 11:47:09.405] 2025 Aug  6 11:18:54 prplOS obuspa[5897]: Error on STOMP connection to (host controller.cdroutertest.com, port 61613). Closing connection.
[2025-08-09 11:47:41.407] 2025 Aug  6 11:19:26 prplOS obuspa[5897]: tw_ulib_diags_lookup_host(host=controller.cdroutertest.com, acs_family_pref=Any): getaddrinfo() failed: Temporary failure in name resolution
[2025-08-09 11:47:41.408] 2025 Aug  6 11:19:26 prplOS obuspa[5897]: ERROR: STOMP failed whilst attempting to connect to (host=controller.cdroutertest.com, port=61613)
[2025-08-09 11:47:41.409] 2025 Aug  6 11:19:26 prplOS obuspa[5897]: Error on STOMP connection to (host controller.cdroutertest.com, port 61613). Closing connection.
[2025-08-09 11:47:42.407] 2025 Aug  6 11:19:27 prplOS tr181-dhcpv4client: mod-dhc - [!][eth0] Broadcast DISCOVER. - (dhcp_packet_send@dhcp_packet.c:641)
[2025-08-09 11:48:14.412] 2025 Aug  6 11:19:59 prplOS obuspa[5897]: tw_ulib_diags_lookup_host(host=controller.cdroutertest.com, acs_family_pref=Any): getaddrinfo() failed: Temporary failure in name resolution
[2025-08-09 11:48:14.413] 2025 Aug  6 11:19:59 prplOS obuspa[5897]: ERROR: STOMP failed whilst attempting to connect to (host=controller.cdroutertest.com, port=61613)
[2025-08-09 11:48:14.414] 2025 Aug  6 11:19:59 prplOS obuspa[5897]: Error on STOMP connection to (host controller.cdroutertest.com, port 61613). Closing connection.
[2025-08-09 11:48:14.415] 2025 Aug  6 11:20:00 prplOS crond[5987]: USER root pid 13560 cmd /usr/sbin/logrotate /etc/logrotate.conf
[2025-08-09 11:48:40.414] 2025 Aug  6 11:20:25 prplOS obuspa[5897]: tw_ulib_diags_lookup_host(host=controller.cdroutertest.com, acs_family_pref=Any): getaddrinfo() failed: Temporary failure in name resolution
[2025-08-09 11:48:40.414] 2025 Aug  6 11:20:25 prplOS obuspa[5897]: ERROR: STOMP failed whilst attempting to connect to (host=controller.cdroutertest.com, port=61613)
[2025-08-09 11:48:40.415] 2025 Aug  6 11:20:25 prplOS obuspa[5897]: Error on STOMP connection to (host controller.cdroutertest.com, port 61613). Closing connection.
[2025-08-09 11:48:45.416] 2025 Aug  6 11:20:30 prplOS tr181-dhcpv4client: mod-dhc - [!][eth0] Broadcast DISCOVER. - (dhcp_packet_send@dhcp_packet.c:641)
[2025-08-09 11:49:21.419] 2025 Aug  6 11:21:06 prplOS obuspa[5897]: tw_ulib_diags_lookup_host(host=controller.cdroutertest.com, acs_family_pref=Any): getaddrinfo() failed: Temporary failure in name resolution
[2025-08-09 11:49:21.421] 2025 Aug  6 11:21:06 prplOS obuspa[5897]: ERROR: STOMP failed whilst attempting to connect to (host=controller.cdroutertest.com, port=61613)
[2025-08-09 11:49:21.422] 2025 Aug  6 11:21:06 prplOS obuspa[5897]: Error on STOMP connection to (host controller.cdroutertest.com, port 61613). Closing connection.
[2025-08-09 11:49:48.423] 2025 Aug  6 11:21:33 prplOS tr181-dhcpv4client: mod-dhc - [!][eth0] Broadcast DISCOVER. - (dhcp_packet_send@dhcp_packet.c:641)
[2025-08-09 11:49:58.424] 2025 Aug  6 11:21:43 prplOS obuspa[5897]: tw_ulib_diags_lookup_host(host=controller.cdroutertest.com, acs_family_pref=Any): getaddrinfo() failed: Temporary failure in name resolution
[2025-08-09 11:49:58.425] 2025 Aug  6 11:21:43 prplOS obuspa[5897]: ERROR: STOMP failed whilst attempting to connect to (host=controller.cdroutertest.com, port=61613)
[2025-08-09 11:49:58.426] 2025 Aug  6 11:21:43 prplOS obuspa[5897]: Error on STOMP connection to (host controller.cdroutertest.com, port 61613). Closing connection.
[2025-08-09 11:50:20.425] 2025 Aug  6 11:22:05 prplOS obuspa[5897]: tw_ulib_diags_lookup_host(host=controller.cdroutertest.com, acs_family_pref=Any): getaddrinfo() failed: Temporary failure in name resolution
[2025-08-09 11:50:20.426] 2025 Aug  6 11:22:05 prplOS obuspa[5897]: ERROR: STOMP failed whilst attempting to connect to (host=controller.cdroutertest.com, port=61613)
[2025-08-09 11:50:20.427] 2025 Aug  6 11:22:05 prplOS obuspa[5897]: Error on STOMP connection to (host controller.cdroutertest.com, port 61613). Closing connection.
[2025-08-09 11:50:51.430] 2025 Aug  6 11:22:36 prplOS tr181-dhcpv4client: mod-dhc - [!][eth0] Broadcast DISCOVER. - (dhcp_packet_send@dhcp_packet.c:641)
[2025-08-09 11:51:15.432] 2025 Aug  6 11:23:01 prplOS obuspa[5897]: tw_ulib_diags_lookup_host(host=controller.cdroutertest.com, acs_family_pref=Any): getaddrinfo() failed: Temporary failure in name resolution
[2025-08-09 11:51:15.433] 2025 Aug  6 11:23:01 prplOS obuspa[5897]: ERROR: STOMP failed whilst attempting to connect to (host=controller.cdroutertest.com, port=61613)
[2025-08-09 11:51:15.434] 2025 Aug  6 11:23:01 prplOS obuspa[5897]: Error on STOMP connection to (host controller.cdroutertest.com, port 61613). Closing connection.
[2025-08-09 11:51:27.432] 2025 Aug  6 11:23:13 prplOS obuspa[5897]: tw_ulib_diags_lookup_host(host=controller.cdroutertest.com, acs_family_pref=Any): getaddrinfo() failed: Temporary failure in name resolution
[2025-08-09 11:51:27.434] 2025 Aug  6 11:23:13 prplOS obuspa[5897]: ERROR: STOMP failed whilst attempting to connect to (host=controller.cdroutertest.com, port=61613)
[2025-08-09 11:51:27.435] 2025 Aug  6 11:23:13 prplOS obuspa[5897]: Error on STOMP connection to (host controller.cdroutertest.com, port 61613). Closing connection.
[2025-08-09 11:51:54.437] 2025 Aug  6 11:23:39 prplOS tr181-dhcpv4client: mod-dhc - [!][eth0] Broadcast DISCOVER. - (dhcp_packet_send@dhcp_packet.c:641)
[2025-08-09 11:52:16.438] 2025 Aug  6 11:24:02 prplOS obuspa[5897]: tw_ulib_diags_lookup_host(host=controller.cdroutertest.com, acs_family_pref=Any): getaddrinfo() failed: Temporary failure in name resolution
[2025-08-09 11:52:16.439] 2025 Aug  6 11:24:02 prplOS obuspa[5897]: ERROR: STOMP failed whilst attempting to connect to (host=controller.cdroutertest.com, port=61613)
[2025-08-09 11:52:16.440] 2025 Aug  6 11:24:02 prplOS obuspa[5897]: Error on STOMP connection to (host controller.cdroutertest.com, port 61613). Closing connection.
[2025-08-09 11:52:32.440] 2025 Aug  6 11:24:18 prplOS obuspa[5897]: tw_ulib_diags_lookup_host(host=controller.cdroutertest.com, acs_family_pref=Any): getaddrinfo() failed: Temporary failure in name resolution
[2025-08-09 11:52:32.441] 2025 Aug  6 11:24:18 prplOS obuspa[5897]: ERROR: STOMP failed whilst attempting to connect to (host=controller.cdroutertest.com, port=61613)
[2025-08-09 11:52:32.442] 2025 Aug  6 11:24:18 prplOS obuspa[5897]: Error on STOMP connection to (host controller.cdroutertest.com, port 61613). Closing connection.
[2025-08-09 11:52:57.444] 2025 Aug  6 11:24:42 prplOS tr181-dhcpv4client: mod-dhc - [!][eth0] Broadcast DISCOVER. - (dhcp_packet_send@dhcp_packet.c:641)
[2025-08-09 11:53:24.446] 2025 Aug  6 11:25:10 prplOS obuspa[5897]: tw_ulib_diags_lookup_host(host=controller.cdroutertest.com, acs_family_pref=Any): getaddrinfo() failed: Temporary failure in name resolution
[2025-08-09 11:53:24.447] 2025 Aug  6 11:25:10 prplOS obuspa[5897]: ERROR: STOMP failed whilst attempting to connect to (host=controller.cdroutertest.com, port=61613)
[2025-08-09 11:53:24.448] 2025 Aug  6 11:25:10 prplOS obuspa[5897]: Error on STOMP connection to (host controller.cdroutertest.com, port 61613). Closing connection.
[2025-08-09 11:53:44.450] 2025 Aug  6 11:25:30 prplOS obuspa[5897]: tw_ulib_diags_lookup_host(host=controller.cdroutertest.com, acs_family_pref=Any): getaddrinfo() failed: Temporary failure in name resolution
[2025-08-09 11:53:44.451] 2025 Aug  6 11:25:30 prplOS obuspa[5897]: ERROR: STOMP failed whilst attempting to connect to (host=controller.cdroutertest.com, port=61613)
[2025-08-09 11:53:44.453] 2025 Aug  6 11:25:30 prplOS obuspa[5897]: Error on STOMP connection to (host controller.cdroutertest.com, port 61613). Closing connection.
[2025-08-09 11:53:48.449] 2025 Aug  6 11:25:34 prplOS obuspa[5897]: tw_ulib_diags_lookup_host(host=controller.cdroutertest.com, acs_family_pref=Any): getaddrinfo() failed: Temporary failure in name resolution
[2025-08-09 11:53:48.451] 2025 Aug  6 11:25:34 prplOS obuspa[5897]: ERROR: STOMP failed whilst attempting to connect to (host=controller.cdroutertest.com, port=61613)
[2025-08-09 11:53:48.452] 2025 Aug  6 11:25:34 prplOS obuspa[5897]: Error on STOMP connection to (host controller.cdroutertest.com, port 61613). Closing connection.
[2025-08-09 11:54:00.450] 2025 Aug  6 11:25:45 prplOS tr181-dhcpv4client: mod-dhc - [!][eth0] Broadcast DISCOVER. - (dhcp_packet_send@dhcp_packet.c:641)
[2025-08-09 11:54:34.454] 2025 Aug  6 11:26:20 prplOS obuspa[5897]: tw_ulib_diags_lookup_host(host=controller.cdroutertest.com, acs_family_pref=Any): getaddrinfo() failed: Temporary failure in name resolution
[2025-08-09 11:54:34.456] 2025 Aug  6 11:26:20 prplOS obuspa[5897]: ERROR: STOMP failed whilst attempting to connect to (host=controller.cdroutertest.com, port=61613)
[2025-08-09 11:54:34.457] 2025 Aug  6 11:26:20 prplOS obuspa[5897]: Error on STOMP connection to (host controller.cdroutertest.com, port 61613). Closing connection.
[2025-08-09 11:55:03.458] 2025 Aug  6 11:26:48 prplOS tr181-dhcpv4client: mod-dhc - [!][eth0] Broadcast DISCOVER. - (dhcp_packet_send@dhcp_packet.c:641)
[2025-08-09 11:55:12.459] 2025 Aug  6 11:26:58 prplOS obuspa[5897]: tw_ulib_diags_lookup_host(host=controller.cdroutertest.com, acs_family_pref=Any): getaddrinfo() failed: Temporary failure in name resolution
[2025-08-09 11:55:12.460] 2025 Aug  6 11:26:58 prplOS obuspa[5897]: ERROR: STOMP failed whilst attempting to connect to (host=controller.cdroutertest.com, port=61613)
[2025-08-09 11:55:12.461] 2025 Aug  6 11:26:58 prplOS obuspa[5897]: Error on STOMP connection to (host controller.cdroutertest.com, port 61613). Closing connection.
[2025-08-09 11:55:56.463] 2025 Aug  6 11:27:42 prplOS obuspa[5897]: tw_ulib_diags_lookup_host(host=controller.cdroutertest.com, acs_family_pref=Any): getaddrinfo() failed: Temporary failure in name resolution
[2025-08-09 11:55:56.464] 2025 Aug  6 11:27:42 prplOS obuspa[5897]: ERROR: STOMP failed whilst attempting to connect to (host=controller.cdroutertest.com, port=61613)
[2025-08-09 11:55:56.465] 2025 Aug  6 11:27:42 prplOS obuspa[5897]: Error on STOMP connection to (host controller.cdroutertest.com, port 61613). Closing connection.
[2025-08-09 11:56:06.466] 2025 Aug  6 11:27:51 prplOS tr181-dhcpv4client: mod-dhc - [!][eth0] Broadcast DISCOVER. - (dhcp_packet_send@dhcp_packet.c:641)
[2025-08-09 11:56:16.467] 2025 Aug  6 11:28:02 prplOS obuspa[5897]: tw_ulib_diags_lookup_host(host=controller.cdroutertest.com, acs_family_pref=Any): getaddrinfo() failed: Temporary failure in name resolution
[2025-08-09 11:56:16.468] 2025 Aug  6 11:28:02 prplOS obuspa[5897]: ERROR: STOMP failed whilst attempting to connect to (host=controller.cdroutertest.com, port=61613)
[2025-08-09 11:56:16.469] 2025 Aug  6 11:28:02 prplOS obuspa[5897]: Error on STOMP connection to (host controller.cdroutertest.com, port 61613). Closing connection.
[2025-08-09 11:56:45.470] 2025 Aug  6 11:28:31 prplOS obuspa[5897]: tw_ulib_diags_lookup_host(host=controller.cdroutertest.com, acs_family_pref=Any): getaddrinfo() failed: Temporary failure in name resolution
[2025-08-09 11:56:45.471] 2025 Aug  6 11:28:31 prplOS obuspa[5897]: ERROR: STOMP failed whilst attempting to connect to (host=controller.cdroutertest.com, port=61613)
[2025-08-09 11:56:45.472] 2025 Aug  6 11:28:31 prplOS obuspa[5897]: Error on STOMP connection to (host controller.cdroutertest.com, port 61613). Closing connection.
[2025-08-09 11:56:50.470] 2025 Aug  6 11:28:36 prplOS obuspa[5897]: tw_ulib_diags_lookup_host(host=controller.cdroutertest.com, acs_family_pref=Any): getaddrinfo() failed: Temporary failure in name resolution
[2025-08-09 11:56:50.472] 2025 Aug  6 11:28:36 prplOS obuspa[5897]: ERROR: STOMP failed whilst attempting to connect to (host=controller.cdroutertest.com, port=61613)
[2025-08-09 11:56:50.473] 2025 Aug  6 11:28:36 prplOS obuspa[5897]: Error on STOMP connection to (host controller.cdroutertest.com, port 61613). Closing connection.
[2025-08-09 11:57:09.473] 2025 Aug  6 11:28:54 prplOS tr181-dhcpv4client: mod-dhc - [!][eth0] Broadcast DISCOVER. - (dhcp_packet_send@dhcp_packet.c:641)
[2025-08-09 11:57:33.475] 2025 Aug  6 11:29:19 prplOS obuspa[5897]: tw_ulib_diags_lookup_host(host=controller.cdroutertest.com, acs_family_pref=Any): getaddrinfo() failed: Temporary failure in name resolution
[2025-08-09 11:57:33.477] 2025 Aug  6 11:29:19 prplOS obuspa[5897]: ERROR: STOMP failed whilst attempting to connect to (host=controller.cdroutertest.com, port=61613)
[2025-08-09 11:57:33.477] 2025 Aug  6 11:29:19 prplOS obuspa[5897]: Error on STOMP connection to (host controller.cdroutertest.com, port 61613). Closing connection.
[2025-08-09 11:58:12.479] 2025 Aug  6 11:29:57 prplOS tr181-dhcpv4client: mod-dhc - [!][eth0] Broadcast DISCOVER. - (dhcp_packet_send@dhcp_packet.c:641)
[2025-08-09 11:58:14.479] 2025 Aug  6 11:30:00 prplOS crond[5987]: USER root pid 13690 cmd /usr/sbin/logrotate /etc/logrotate.conf
[2025-08-09 11:58:26.480] 2025 Aug  6 11:30:12 prplOS obuspa[5897]: tw_ulib_diags_lookup_host(host=controller.cdroutertest.com, acs_family_pref=Any): getaddrinfo() failed: Temporary failure in name resolution
[2025-08-09 11:58:26.481] 2025 Aug  6 11:30:12 prplOS obuspa[5897]: ERROR: STOMP failed whilst attempting to connect to (host=controller.cdroutertest.com, port=61613)
[2025-08-09 11:58:26.482] 2025 Aug  6 11:30:12 prplOS obuspa[5897]: Error on STOMP connection to (host controller.cdroutertest.com, port 61613). Closing connection.
[2025-08-09 11:58:56.485] 2025 Aug  6 11:30:42 prplOS obuspa[5897]: tw_ulib_diags_lookup_host(host=controller.cdroutertest.com, acs_family_pref=Any): getaddrinfo() failed: Temporary failure in name resolution
[2025-08-09 11:58:56.487] 2025 Aug  6 11:30:42 prplOS obuspa[5897]: ERROR: STOMP failed whilst attempting to connect to (host=controller.cdroutertest.com, port=61613)
[2025-08-09 11:58:56.487] 2025 Aug  6 11:30:42 prplOS obuspa[5897]: Error on STOMP connection to (host controller.cdroutertest.com, port 61613). Closing connection.
[2025-08-09 11:59:08.486] 2025 Aug  6 11:30:54 prplOS obuspa[5897]: tw_ulib_diags_lookup_host(host=controller.cdroutertest.com, acs_family_pref=Any): getaddrinfo() failed: Temporary failure in name resolution
[2025-08-09 11:59:08.488] 2025 Aug  6 11:30:54 prplOS obuspa[5897]: ERROR: STOMP failed whilst attempting to connect to (host=controller.cdroutertest.com, port=61613)
[2025-08-09 11:59:08.488] 2025 Aug  6 11:30:54 prplOS obuspa[5897]: Error on STOMP connection to (host controller.cdroutertest.com, port 61613). Closing connection.
[2025-08-09 11:59:15.486] 2025 Aug  6 11:31:00 prplOS tr181-dhcpv4client: mod-dhc - [!][eth0] Broadcast DISCOVER. - (dhcp_packet_send@dhcp_packet.c:641)
[2025-08-09 11:59:15.487] 2025 Aug  6 11:31:01 prplOS obuspa[5897]: tw_ulib_diags_lookup_host(host=controller.cdroutertest.com, acs_family_pref=Any): getaddrinfo() failed: Temporary failure in name resolution
[2025-08-09 11:59:15.488] 2025 Aug  6 11:31:01 prplOS obuspa[5897]: ERROR: STOMP failed whilst attempting to connect to (host=controller.cdroutertest.com, port=61613)
[2025-08-09 11:59:15.489] 2025 Aug  6 11:31:01 prplOS obuspa[5897]: Error on STOMP connection to (host controller.cdroutertest.com, port 61613). Closing connection.
[2025-08-09 11:59:53.492] 2025 Aug  6 11:31:39 prplOS obuspa[5897]: tw_ulib_diags_lookup_host(host=controller.cdroutertest.com, acs_family_pref=Any): getaddrinfo() failed: Temporary failure in name resolution
[2025-08-09 11:59:53.493] 2025 Aug  6 11:31:39 prplOS obuspa[5897]: ERROR: STOMP failed whilst attempting to connect to (host=controller.cdroutertest.com, port=61613)
[2025-08-09 11:59:53.494] 2025 Aug  6 11:31:39 prplOS obuspa[5897]: Error on STOMP connection to (host controller.cdroutertest.com, port 61613). Closing connection.
[2025-08-09 12:00:18.493] 2025 Aug  6 11:32:03 prplOS tr181-dhcpv4client: mod-dhc - [!][eth0] Broadcast DISCOVER. - (dhcp_packet_send@dhcp_packet.c:641)
[2025-08-09 12:00:32.496] 2025 Aug  6 11:32:18 prplOS obuspa[5897]: tw_ulib_diags_lookup_host(host=controller.cdroutertest.com, acs_family_pref=Any): getaddrinfo() failed: Temporary failure in name resolution
[2025-08-09 12:00:32.497] 2025 Aug  6 11:32:18 prplOS obuspa[5897]: ERROR: STOMP failed whilst attempting to connect to (host=controller.cdroutertest.com, port=61613)
[2025-08-09 12:00:32.498] 2025 Aug  6 11:32:18 prplOS obuspa[5897]: Error on STOMP connection to (host controller.cdroutertest.com, port 61613). Closing connection.
[2025-08-09 12:01:16.500] 2025 Aug  6 11:33:02 prplOS obuspa[5897]: tw_ulib_diags_lookup_host(host=controller.cdroutertest.com, acs_family_pref=Any): getaddrinfo() failed: Temporary failure in name resolution
[2025-08-09 12:01:16.501] 2025 Aug  6 11:33:02 prplOS obuspa[5897]: ERROR: STOMP failed whilst attempting to connect to (host=controller.cdroutertest.com, port=61613)
[2025-08-09 12:01:16.523] 2025 Aug  6 11:33:02 prplOS obuspa[5897]: Error on STOMP connection to (host controller.cdroutertest.com, port 61613). Closing connection.
[2025-08-09 12:01:21.501] 2025 Aug  6 11:33:06 prplOS tr181-dhcpv4client: mod-dhc - [!][eth0] Broadcast DISCOVER. - (dhcp_packet_send@dhcp_packet.c:641)
[2025-08-09 12:01:35.503] 2025 Aug  6 11:33:21 prplOS obuspa[5897]: tw_ulib_diags_lookup_host(host=controller.cdroutertest.com, acs_family_pref=Any): getaddrinfo() failed: Temporary failure in name resolution
[2025-08-09 12:01:35.504] 2025 Aug  6 11:33:21 prplOS obuspa[5897]: ERROR: STOMP failed whilst attempting to connect to (host=controller.cdroutertest.com, port=61613)
[2025-08-09 12:01:35.505] 2025 Aug  6 11:33:21 prplOS obuspa[5897]: Error on STOMP connection to (host controller.cdroutertest.com, port 61613). Closing connection.
[2025-08-09 12:01:58.506] 2025 Aug  6 11:33:44 prplOS obuspa[5897]: tw_ulib_diags_lookup_host(host=controller.cdroutertest.com, acs_family_pref=Any): getaddrinfo() failed: Temporary failure in name resolution
[2025-08-09 12:01:58.508] 2025 Aug  6 11:33:44 prplOS obuspa[5897]: ERROR: STOMP failed whilst attempting to connect to (host=controller.cdroutertest.com, port=61613)
[2025-08-09 12:01:58.509] 2025 Aug  6 11:33:44 prplOS obuspa[5897]: Error on STOMP connection to (host controller.cdroutertest.com, port 61613). Closing connection.
[2025-08-09 12:02:24.509] 2025 Aug  6 11:34:09 prplOS tr181-dhcpv4client: mod-dhc - [!][eth0] Broadcast DISCOVER. - (dhcp_packet_send@dhcp_packet.c:641)
[2025-08-09 12:02:40.512] 2025 Aug  6 11:34:25 prplOS obuspa[5897]: tw_ulib_diags_lookup_host(host=controller.cdroutertest.com, acs_family_pref=Any): getaddrinfo() failed: Temporary failure in name resolution
[2025-08-09 12:02:40.513] 2025 Aug  6 11:34:25 prplOS obuspa[5897]: ERROR: STOMP failed whilst attempting to connect to (host=controller.cdroutertest.com, port=61613)
[2025-08-09 12:02:40.514] 2025 Aug  6 11:34:25 prplOS obuspa[5897]: Error on STOMP connection to (host controller.cdroutertest.com, port 61613). Closing connection.
[2025-08-09 12:02:47.511] 2025 Aug  6 11:34:32 prplOS obuspa[5897]: tw_ulib_diags_lookup_host(host=controller.cdroutertest.com, acs_family_pref=Any): getaddrinfo() failed: Temporary failure in name resolution
[2025-08-09 12:02:47.512] 2025 Aug  6 11:34:32 prplOS obuspa[5897]: ERROR: STOMP failed whilst attempting to connect to (host=controller.cdroutertest.com, port=61613)
[2025-08-09 12:02:47.513] 2025 Aug  6 11:34:32 prplOS obuspa[5897]: Error on STOMP connection to (host controller.cdroutertest.com, port 61613). Closing connection.
[2025-08-09 12:03:15.514] 2025 Aug  6 11:35:00 prplOS obuspa[5897]: tw_ulib_diags_lookup_host(host=controller.cdroutertest.com, acs_family_pref=Any): getaddrinfo() failed: Temporary failure in name resolution
[2025-08-09 12:03:15.515] 2025 Aug  6 11:35:00 prplOS obuspa[5897]: ERROR: STOMP failed whilst attempting to connect to (host=controller.cdroutertest.com, port=61613)
[2025-08-09 12:03:15.516] 2025 Aug  6 11:35:00 prplOS obuspa[5897]: Error on STOMP connection to (host controller.cdroutertest.com, port 61613). Closing connection.
[2025-08-09 12:03:16.516] 2025 Aug  6 11:35:01 prplOS obuspa[5897]: tw_ulib_diags_lookup_host(host=controller.cdroutertest.com, acs_family_pref=Any): getaddrinfo() failed: Temporary failure in name resolution
[2025-08-09 12:03:16.517] 2025 Aug  6 11:35:01 prplOS obuspa[5897]: ERROR: STOMP failed whilst attempting to connect to (host=controller.cdroutertest.com, port=61613)
[2025-08-09 12:03:16.518] 2025 Aug  6 11:35:01 prplOS obuspa[5897]: Error on STOMP connection to (host controller.cdroutertest.com, port 61613). Closing connection.
[2025-08-09 12:03:27.516] 2025 Aug  6 11:35:12 prplOS tr181-dhcpv4client: mod-dhc - [!][eth0] Broadcast DISCOVER. - (dhcp_packet_send@dhcp_packet.c:641)
[2025-08-09 12:04:15.522] 2025 Aug  6 11:36:00 prplOS obuspa[5897]: tw_ulib_diags_lookup_host(host=controller.cdroutertest.com, acs_family_pref=Any): getaddrinfo() failed: Temporary failure in name resolution
[2025-08-09 12:04:15.523] 2025 Aug  6 11:36:00 prplOS obuspa[5897]: ERROR: STOMP failed whilst attempting to connect to (host=controller.cdroutertest.com, port=61613)
[2025-08-09 12:04:15.524] 2025 Aug  6 11:36:00 prplOS obuspa[5897]: Error on STOMP connection to (host controller.cdroutertest.com, port 61613). Closing connection.
[2025-08-09 12:04:30.523] 2025 Aug  6 11:36:15 prplOS tr181-dhcpv4client: mod-dhc - [!][eth0] Broadcast DISCOVER. - (dhcp_packet_send@dhcp_packet.c:641)
[2025-08-09 12:04:44.524] 2025 Aug  6 11:36:29 prplOS obuspa[5897]: tw_ulib_diags_lookup_host(host=controller.cdroutertest.com, acs_family_pref=Any): getaddrinfo() failed: Temporary failure in name resolution
[2025-08-09 12:04:44.525] 2025 Aug  6 11:36:29 prplOS obuspa[5897]: ERROR: STOMP failed whilst attempting to connect to (host=controller.cdroutertest.com, port=61613)
[2025-08-09 12:04:44.527] 2025 Aug  6 11:36:29 prplOS obuspa[5897]: Error on STOMP connection to (host controller.cdroutertest.com, port 61613). Closing connection.
[2025-08-09 12:05:27.530] 2025 Aug  6 11:37:13 prplOS obuspa[5897]: tw_ulib_diags_lookup_host(host=controller.cdroutertest.com, acs_family_pref=Any): getaddrinfo() failed: Temporary failure in name resolution
[2025-08-09 12:05:27.531] 2025 Aug  6 11:37:13 prplOS obuspa[5897]: ERROR: STOMP failed whilst attempting to connect to (host=controller.cdroutertest.com, port=61613)
[2025-08-09 12:05:27.532] 2025 Aug  6 11:37:13 prplOS obuspa[5897]: Error on STOMP connection to (host controller.cdroutertest.com, port 61613). Closing connection.
[2025-08-09 12:05:33.530] 2025 Aug  6 11:37:18 prplOS tr181-dhcpv4client: mod-dhc - [!][eth0] Broadcast DISCOVER. - (dhcp_packet_send@dhcp_packet.c:641)
[2025-08-09 12:06:11.536] 2025 Aug  6 11:37:57 prplOS obuspa[5897]: tw_ulib_diags_lookup_host(host=controller.cdroutertest.com, acs_family_pref=Any): getaddrinfo() failed: Temporary failure in name resolution
[2025-08-09 12:06:11.537] 2025 Aug  6 11:37:57 prplOS obuspa[5897]: ERROR: STOMP failed whilst attempting to connect to (host=controller.cdroutertest.com, port=61613)
[2025-08-09 12:06:11.538] 2025 Aug  6 11:37:57 prplOS obuspa[5897]: Error on STOMP connection to (host controller.cdroutertest.com, port 61613). Closing connection.
[2025-08-09 12:06:36.539] 2025 Aug  6 11:38:21 prplOS tr181-dhcpv4client: mod-dhc - [!][eth0] Broadcast DISCOVER. - (dhcp_packet_send@dhcp_packet.c:641)
[2025-08-09 12:07:07.541] 2025 Aug  6 11:38:53 prplOS obuspa[5897]: tw_ulib_diags_lookup_host(host=controller.cdroutertest.com, acs_family_pref=Any): getaddrinfo() failed: Temporary failure in name resolution
[2025-08-09 12:07:07.542] 2025 Aug  6 11:38:53 prplOS obuspa[5897]: ERROR: STOMP failed whilst attempting to connect to (host=controller.cdroutertest.com, port=61613)
[2025-08-09 12:07:07.543] 2025 Aug  6 11:38:53 prplOS obuspa[5897]: Error on STOMP connection to (host controller.cdroutertest.com, port 61613). Closing connection.
[2025-08-09 12:07:39.545] 2025 Aug  6 11:39:24 prplOS tr181-dhcpv4client: mod-dhc - [!][eth0] Broadcast DISCOVER. - (dhcp_packet_send@dhcp_packet.c:641)
[2025-08-09 12:07:57.547] 2025 Aug  6 11:39:43 prplOS obuspa[5897]: tw_ulib_diags_lookup_host(host=controller.cdroutertest.com, acs_family_pref=Any): getaddrinfo() failed: Temporary failure in name resolution
[2025-08-09 12:07:57.548] 2025 Aug  6 11:39:43 prplOS obuspa[5897]: ERROR: STOMP failed whilst attempting to connect to (host=controller.cdroutertest.com, port=61613)
[2025-08-09 12:07:57.549] 2025 Aug  6 11:39:43 prplOS obuspa[5897]: Error on STOMP connection to (host controller.cdroutertest.com, port 61613). Closing connection.
[2025-08-09 12:08:14.550] 2025 Aug  6 11:40:00 prplOS crond[5987]: USER root pid 13821 cmd /usr/sbin/logrotate /etc/logrotate.conf
[2025-08-09 12:08:27.551] 2025 Aug  6 11:40:13 prplOS obuspa[5897]: tw_ulib_diags_lookup_host(host=controller.cdroutertest.com, acs_family_pref=Any): getaddrinfo() failed: Temporary failure in name resolution
[2025-08-09 12:08:27.552] 2025 Aug  6 11:40:13 prplOS obuspa[5897]: ERROR: STOMP failed whilst attempting to connect to (host=controller.cdroutertest.com, port=61613)
[2025-08-09 12:08:27.553] 2025 Aug  6 11:40:13 prplOS obuspa[5897]: Error on STOMP connection to (host controller.cdroutertest.com, port 61613). Closing connection.
[2025-08-09 12:08:42.553] 2025 Aug  6 11:40:27 prplOS tr181-dhcpv4client: mod-dhc - [!][eth0] Broadcast DISCOVER. - (dhcp_packet_send@dhcp_packet.c:641)
[2025-08-09 12:09:00.556] 2025 Aug  6 11:40:46 prplOS obuspa[5897]: tw_ulib_diags_lookup_host(host=controller.cdroutertest.com, acs_family_pref=Any): getaddrinfo() failed: Temporary failure in name resolution
[2025-08-09 12:09:00.557] 2025 Aug  6 11:40:46 prplOS obuspa[5897]: ERROR: STOMP failed whilst attempting to connect to (host=controller.cdroutertest.com, port=61613)
[2025-08-09 12:09:00.558] 2025 Aug  6 11:40:46 prplOS obuspa[5897]: Error on STOMP connection to (host controller.cdroutertest.com, port 61613). Closing connection.
[2025-08-09 12:09:45.560] 2025 Aug  6 11:41:30 prplOS tr181-dhcpv4client: mod-dhc - [!][eth0] Broadcast DISCOVER. - (dhcp_packet_send@dhcp_packet.c:641)
[2025-08-09 12:09:47.560] 2025 Aug  6 11:41:33 prplOS obuspa[5897]: tw_ulib_diags_lookup_host(host=controller.cdroutertest.com, acs_family_pref=Any): getaddrinfo() failed: Temporary failure in name resolution
[2025-08-09 12:09:47.561] 2025 Aug  6 11:41:33 prplOS obuspa[5897]: ERROR: STOMP failed whilst attempting to connect to (host=controller.cdroutertest.com, port=61613)
[2025-08-09 12:09:47.562] 2025 Aug  6 11:41:33 prplOS obuspa[5897]: Error on STOMP connection to (host controller.cdroutertest.com, port 61613). Closing connection.
[2025-08-09 12:10:18.565] 2025 Aug  6 11:42:04 prplOS obuspa[5897]: tw_ulib_diags_lookup_host(host=controller.cdroutertest.com, acs_family_pref=Any): getaddrinfo() failed: Temporary failure in name resolution
[2025-08-09 12:10:18.566] 2025 Aug  6 11:42:04 prplOS obuspa[5897]: ERROR: STOMP failed whilst attempting to connect to (host=controller.cdroutertest.com, port=61613)
[2025-08-09 12:10:18.567] 2025 Aug  6 11:42:04 prplOS obuspa[5897]: Error on STOMP connection to (host controller.cdroutertest.com, port 61613). Closing connection.
[2025-08-09 12:10:31.566] 2025 Aug  6 11:42:17 prplOS obuspa[5897]: tw_ulib_diags_lookup_host(host=controller.cdroutertest.com, acs_family_pref=Any): getaddrinfo() failed: Temporary failure in name resolution
[2025-08-09 12:10:31.567] 2025 Aug  6 11:42:17 prplOS obuspa[5897]: ERROR: STOMP failed whilst attempting to connect to (host=controller.cdroutertest.com, port=61613)
[2025-08-09 12:10:31.568] 2025 Aug  6 11:42:17 prplOS obuspa[5897]: Error on STOMP connection to (host controller.cdroutertest.com, port 61613). Closing connection.
[2025-08-09 12:10:48.569] 2025 Aug  6 11:42:33 prplOS tr181-dhcpv4client: mod-dhc - [!][eth0] Broadcast DISCOVER. - (dhcp_packet_send@dhcp_packet.c:641)
[2025-08-09 12:10:54.569] 2025 Aug  6 11:42:40 prplOS obuspa[5897]: tw_ulib_diags_lookup_host(host=controller.cdroutertest.com, acs_family_pref=Any): getaddrinfo() failed: Temporary failure in name resolution
[2025-08-09 12:10:54.570] 2025 Aug  6 11:42:40 prplOS obuspa[5897]: ERROR: STOMP failed whilst attempting to connect to (host=controller.cdroutertest.com, port=61613)
[2025-08-09 12:10:54.571] 2025 Aug  6 11:42:40 prplOS obuspa[5897]: Error on STOMP connection to (host controller.cdroutertest.com, port 61613). Closing connection.
[2025-08-09 12:11:44.576] 2025 Aug  6 11:43:30 prplOS obuspa[5897]: tw_ulib_diags_lookup_host(host=controller.cdroutertest.com, acs_family_pref=Any): getaddrinfo() failed: Temporary failure in name resolution
[2025-08-09 12:11:44.577] 2025 Aug  6 11:43:30 prplOS obuspa[5897]: ERROR: STOMP failed whilst attempting to connect to (host=controller.cdroutertest.com, port=61613)
[2025-08-09 12:11:44.578] 2025 Aug  6 11:43:30 prplOS obuspa[5897]: Error on STOMP connection to (host controller.cdroutertest.com, port 61613). Closing connection.
[2025-08-09 12:11:51.576] 2025 Aug  6 11:43:36 prplOS tr181-dhcpv4client: mod-dhc - [!][eth0] Broadcast DISCOVER. - (dhcp_packet_send@dhcp_packet.c:641)
[2025-08-09 12:12:10.578] 2025 Aug  6 11:43:56 prplOS obuspa[5897]: tw_ulib_diags_lookup_host(host=controller.cdroutertest.com, acs_family_pref=Any): getaddrinfo() failed: Temporary failure in name resolution
[2025-08-09 12:12:10.579] 2025 Aug  6 11:43:56 prplOS obuspa[5897]: ERROR: STOMP failed whilst attempting to connect to (host=controller.cdroutertest.com, port=61613)
[2025-08-09 12:12:10.580] 2025 Aug  6 11:43:56 prplOS obuspa[5897]: Error on STOMP connection to (host controller.cdroutertest.com, port 61613). Closing connection.
[2025-08-09 12:12:54.583] 2025 Aug  6 11:44:39 prplOS tr181-dhcpv4client: mod-dhc - [!][eth0] Broadcast DISCOVER. - (dhcp_packet_send@dhcp_packet.c:641)
[2025-08-09 12:13:09.586] 2025 Aug  6 11:44:55 prplOS obuspa[5897]: tw_ulib_diags_lookup_host(host=controller.cdroutertest.com, acs_family_pref=Any): getaddrinfo() failed: Temporary failure in name resolution
[2025-08-09 12:13:09.587] 2025 Aug  6 11:44:55 prplOS obuspa[5897]: ERROR: STOMP failed whilst attempting to connect to (host=controller.cdroutertest.com, port=61613)
[2025-08-09 12:13:09.588] 2025 Aug  6 11:44:55 prplOS obuspa[5897]: Error on STOMP connection to (host controller.cdroutertest.com, port 61613). Closing connection.
[2025-08-09 12:13:45.589] 2025 Aug  6 11:45:31 prplOS obuspa[5897]: tw_ulib_diags_lookup_host(host=controller.cdroutertest.com, acs_family_pref=Any): getaddrinfo() failed: Temporary failure in name resolution
[2025-08-09 12:13:45.590] 2025 Aug  6 11:45:31 prplOS obuspa[5897]: ERROR: STOMP failed whilst attempting to connect to (host=controller.cdroutertest.com, port=61613)
[2025-08-09 12:13:45.591] 2025 Aug  6 11:45:31 prplOS obuspa[5897]: Error on STOMP connection to (host controller.cdroutertest.com, port 61613). Closing connection.
[2025-08-09 12:13:57.591] 2025 Aug  6 11:45:42 prplOS tr181-dhcpv4client: mod-dhc - [!][eth0] Broadcast DISCOVER. - (dhcp_packet_send@dhcp_packet.c:641)
[2025-08-09 12:14:09.593] 2025 Aug  6 11:45:55 prplOS obuspa[5897]: tw_ulib_diags_lookup_host(host=controller.cdroutertest.com, acs_family_pref=Any): getaddrinfo() failed: Temporary failure in name resolution
[2025-08-09 12:14:09.594] 2025 Aug  6 11:45:55 prplOS obuspa[5897]: ERROR: STOMP failed whilst attempting to connect to (host=controller.cdroutertest.com, port=61613)
[2025-08-09 12:14:09.595] 2025 Aug  6 11:45:55 prplOS obuspa[5897]: Error on STOMP connection to (host controller.cdroutertest.com, port 61613). Closing connection.
[2025-08-09 12:14:45.596] 2025 Aug  6 11:46:31 prplOS obuspa[5897]: tw_ulib_diags_lookup_host(host=controller.cdroutertest.com, acs_family_pref=Any): getaddrinfo() failed: Temporary failure in name resolution
[2025-08-09 12:14:45.597] 2025 Aug  6 11:46:31 prplOS obuspa[5897]: ERROR: STOMP failed whilst attempting to connect to (host=controller.cdroutertest.com, port=61613)
[2025-08-09 12:14:45.598] 2025 Aug  6 11:46:31 prplOS obuspa[5897]: Error on STOMP connection to (host controller.cdroutertest.com, port 61613). Closing connection.
[2025-08-09 12:15:00.599] 2025 Aug  6 11:46:45 prplOS tr181-dhcpv4client: mod-dhc - [!][eth0] Broadcast DISCOVER. - (dhcp_packet_send@dhcp_packet.c:641)
[2025-08-09 12:15:17.600] 2025 Aug  6 11:47:03 prplOS obuspa[5897]: tw_ulib_diags_lookup_host(host=controller.cdroutertest.com, acs_family_pref=Any): getaddrinfo() failed: Temporary failure in name resolution
[2025-08-09 12:15:17.601] 2025 Aug  6 11:47:03 prplOS obuspa[5897]: ERROR: STOMP failed whilst attempting to connect to (host=controller.cdroutertest.com, port=61613)
[2025-08-09 12:15:17.602] 2025 Aug  6 11:47:03 prplOS obuspa[5897]: Error on STOMP connection to (host controller.cdroutertest.com, port 61613). Closing connection.
[2025-08-09 12:16:03.606] 2025 Aug  6 11:47:48 prplOS tr181-dhcpv4client: mod-dhc - [!][eth0] Broadcast DISCOVER. - (dhcp_packet_send@dhcp_packet.c:641)
[2025-08-09 12:16:07.606] 2025 Aug  6 11:47:53 prplOS obuspa[5897]: tw_ulib_diags_lookup_host(host=controller.cdroutertest.com, acs_family_pref=Any): getaddrinfo() failed: Temporary failure in name resolution
[2025-08-09 12:16:07.607] 2025 Aug  6 11:47:53 prplOS obuspa[5897]: ERROR: STOMP failed whilst attempting to connect to (host=controller.cdroutertest.com, port=61613)
[2025-08-09 12:16:07.629] 2025 Aug  6 11:47:53 prplOS obuspa[5897]: Error on STOMP connection to (host controller.cdroutertest.com, port 61613). Closing connection.
[2025-08-09 12:16:45.612] 2025 Aug  6 11:48:31 prplOS obuspa[5897]: tw_ulib_diags_lookup_host(host=controller.cdroutertest.com, acs_family_pref=Any): getaddrinfo() failed: Temporary failure in name resolution
[2025-08-09 12:16:45.613] 2025 Aug  6 11:48:31 prplOS obuspa[5897]: ERROR: STOMP failed whilst attempting to connect to (host=controller.cdroutertest.com, port=61613)
[2025-08-09 12:16:45.614] 2025 Aug  6 11:48:31 prplOS obuspa[5897]: Error on STOMP connection to (host controller.cdroutertest.com, port 61613). Closing connection.
[2025-08-09 12:17:06.613] 2025 Aug  6 11:48:51 prplOS tr181-dhcpv4client: mod-dhc - [!][eth0] Broadcast DISCOVER. - (dhcp_packet_send@dhcp_packet.c:641)
[2025-08-09 12:17:15.615] 2025 Aug  6 11:49:01 prplOS obuspa[5897]: tw_ulib_diags_lookup_host(host=controller.cdroutertest.com, acs_family_pref=Any): getaddrinfo() failed: Temporary failure in name resolution
[2025-08-09 12:17:15.616] 2025 Aug  6 11:49:01 prplOS obuspa[5897]: ERROR: STOMP failed whilst attempting to connect to (host=controller.cdroutertest.com, port=61613)
[2025-08-09 12:17:15.617] 2025 Aug  6 11:49:01 prplOS obuspa[5897]: Error on STOMP connection to (host controller.cdroutertest.com, port 61613). Closing connection.
[2025-08-09 12:17:57.621] 2025 Aug  6 11:49:43 prplOS obuspa[5897]: tw_ulib_diags_lookup_host(host=controller.cdroutertest.com, acs_family_pref=Any): getaddrinfo() failed: Temporary failure in name resolution
[2025-08-09 12:17:57.622] 2025 Aug  6 11:49:43 prplOS obuspa[5897]: ERROR: STOMP failed whilst attempting to connect to (host=controller.cdroutertest.com, port=61613)
[2025-08-09 12:17:57.623] 2025 Aug  6 11:49:43 prplOS obuspa[5897]: Error on STOMP connection to (host controller.cdroutertest.com, port 61613). Closing connection.
[2025-08-09 12:18:09.622] 2025 Aug  6 11:49:54 prplOS tr181-dhcpv4client: mod-dhc - [!][eth0] Broadcast DISCOVER. - (dhcp_packet_send@dhcp_packet.c:641)
[2025-08-09 12:18:14.623] 2025 Aug  6 11:50:00 prplOS crond[5987]: USER root pid 13948 cmd /usr/sbin/logrotate /etc/logrotate.conf
[2025-08-09 12:18:52.626] 2025 Aug  6 11:50:37 prplOS obuspa[5897]: tw_ulib_diags_lookup_host(host=controller.cdroutertest.com, acs_family_pref=Any): getaddrinfo() failed: Temporary failure in name resolution
[2025-08-09 12:18:52.627] 2025 Aug  6 11:50:37 prplOS obuspa[5897]: ERROR: STOMP failed whilst attempting to connect to (host=controller.cdroutertest.com, port=61613)
[2025-08-09 12:18:52.628] 2025 Aug  6 11:50:37 prplOS obuspa[5897]: Error on STOMP connection to (host controller.cdroutertest.com, port 61613). Closing connection.
[2025-08-09 12:19:12.629] 2025 Aug  6 11:50:57 prplOS obuspa[5897]: tw_ulib_diags_lookup_host(host=controller.cdroutertest.com, acs_family_pref=Any): getaddrinfo() failed: Temporary failure in name resolution
[2025-08-09 12:19:12.630] 2025 Aug  6 11:50:57 prplOS obuspa[5897]: ERROR: STOMP failed whilst attempting to connect to (host=controller.cdroutertest.com, port=61613)
[2025-08-09 12:19:12.631] 2025 Aug  6 11:50:57 prplOS obuspa[5897]: Error on STOMP connection to (host controller.cdroutertest.com, port 61613). Closing connection.
[2025-08-09 12:19:12.632] 2025 Aug  6 11:50:57 prplOS tr181-dhcpv4client: mod-dhc - [!][eth0] Broadcast DISCOVER. - (dhcp_packet_send@dhcp_packet.c:641)
[2025-08-09 12:19:14.629] 2025 Aug  6 11:51:00 prplOS kernel: eth1 (Int switch port: 0) (Logical Port: 0) (phyId: 8) Link Up at 1000 mbps full duplex AN: On
[2025-08-09 12:19:14.630] 2025 Aug  6 11:51:00 prplOS kernel: br-lan: port 1(eth1) entered blocking state
[2025-08-09 12:19:14.631] 2025 Aug  6 11:51:00 prplOS kernel: br-lan: port 1(eth1) entered forwarding state
[2025-08-09 12:19:14.632] 2025 Aug  6 11:51:00 prplOS gmap-server: merge   - [x]No rules provided for device ID-7f3538a3-2b51-4b5f-bbec-57c77c463882 - (gmaps_devices_merge_execute_rules@gmaps_devices_merge.c:731)
[2025-08-09 12:19:14.633] 2025 Aug  6 11:51:00 prplOS gmap-server: link    - [x]Error selecting link ethIntf-ETH1 ID-7f3538a3-2b51-4b5f-bbec-57c77c463882 - (gmaps_dm_tpb_on_link_selected@gmaps_dm_topologybuilder.c:261)
[2025-08-09 12:19:14.634] 2025 Aug  6 11:51:00 prplOS gmap-client: eth-dev - [x]Error getting IPs of device ID-7f3538a3-2b51-4b5f-bbec-57c77c463882 - (gmap_eth_dev_discoping_verify_all_unreachable_ips@gmap_eth_dev_discoping.c:324)
[2025-08-09 12:19:23.629] 2025 Aug  6 11:51:08 prplOS obuspa[5897]: tw_ulib_diags_lookup_host(host=controller.cdroutertest.com, acs_family_pref=Any): getaddrinfo() failed: Temporary failure in name resolution
[2025-08-09 12:19:23.630] 2025 Aug  6 11:51:08 prplOS obuspa[5897]: ERROR: STOMP failed whilst attempting to connect to (host=controller.cdroutertest.com, port=61613)
[2025-08-09 12:19:23.631] 2025 Aug  6 11:51:08 prplOS obuspa[5897]: Error on STOMP connection to (host controller.cdroutertest.com, port 61613). Closing connection.
